biome,ext,mean_B,median_B,CI_lower_B,CI_upper_B,mean_p,median_p,CI_lower_p,CI_upper_p,prop_significant,mean_R,median_R,CI_lower_R,CI_upper_R,mean_lambda,median_lambda,CI_lower_lambda,CI_upper_lambda,class,variable
Deserts and xeric shrublands,low,0.007066169883692024,0.0051885985055495,-0.016088866107004156,0.04189684335672711,0.6712302022747554,0.7167045994155838,0.10674488156401307,0.9922236680840446,0,-0.0013269890618202557,-0.0018664978178651,-0.002150331484917698,0.003448356484669491,0.48549472017543005,0.4827223256018108,0.23353540343610812,0.6939871814490458,mammals,marginality
Deserts and xeric shrublands,int,0.007219514849688927,0.0046035601588154,-0.022510478996602065,0.049532149253755375,0.6578223232132485,0.7045238953800248,0.10100901036316189,0.9657718151700045,0,-0.001279828893092492,-0.00184032170776075,-0.00214626892427134,0.003652114284051662,0.4849395834115433,0.4831532311036186,0.23316263005338,0.6937121450619869,mammals,marginality
Deserts and xeric shrublands,high,0.01186487788911977,0.00677899260353861,-0.02929137523362759,0.068836568930517,0.6315914977956907,0.6674384640445914,0.09027282982565621,0.9786912115428374,0,-0.0010942314242273256,-0.00175231761765208,-0.002148956867077612,0.004101937889791022,0.4852408276567615,0.48382194400258727,0.23401909683394345,0.6938089233860993,mammals,marginality
Flooded grasslands and savannas,low,-0.005213478207832636,-0.00661691752598253,-0.0560908373093493,0.04454757815395555,0.6226374337788144,0.6379980537867969,0.20628311698943458,0.9644248611135777,0,-0.001838127927412334,-0.00245318282532651,-0.003148113122979952,0.0019182970357588083,0.20284505833956593,0.20132175991029683,0.04740878820647342,0.4408016321996596,mammals,marginality
Flooded grasslands and savannas,int,-0.0038306239663388475,-0.00521724532792425,-0.06739592806088324,0.06152995856801902,0.6103961106970027,0.6282086480373068,0.19307780817996534,0.9705301356708269,0,-0.001707695793860596,-0.00241160382754681,-0.0031494820986370294,0.002209636626182125,0.2031602170547642,0.2017151508216517,0.047721231103778405,0.44109102464901845,mammals,marginality
Flooded grasslands and savannas,high,-0.010057894978345359,-0.01154816755186127,-0.10805736083908124,0.093334407640911,0.5886899506836458,0.5841310433699805,0.12720101074797982,0.9754742148794864,0,-0.0014112889297644212,-0.00220542377300094,-0.0031515774588630908,0.0041987460465672125,0.2029680490509459,0.20172282263259303,0.04762448001535373,0.44080440144026123,mammals,marginality
Montane grasslands and shrublands,low,0.04469514475326472,0.04062981232007257,-0.08504971148787366,0.17233387561122848,0.57246920028033,0.5474814218516391,0.10101230560360702,0.9751304113624533,0.010309278350515464,-0.008893989772009116,-0.01458138233842781,-0.023232416619225673,0.04009318484751309,1e-6,1e-6,NA,0.27971852346547116,mammals,marginality
Montane grasslands and shrublands,int,0.023736523450435355,0.02072719125616595,-0.15453494439979637,0.2014264283665796,0.5783854314194616,0.5912632373312283,0.10478556483604297,0.9549420172591451,0.010309278350515464,-0.009526735742691068,-0.01633672823282177,-0.023177211640781292,0.038482628318143086,1e-6,1e-6,NA,0.2856447331751889,mammals,marginality
Montane grasslands and shrublands,high,0.0046663476869169915,0.00268953572313623,-0.2327993860450226,0.25644389446038707,0.5727862356717626,0.5734126840356404,0.09635810147108428,0.984042366040871,0.010309278350515464,-0.008675507035331768,-0.0156523656725826,-0.023245300230154337,0.041289644718279374,1e-6,1e-6,NA,0.29068730777655294,mammals,marginality
Temperate broadleaf & mixed forests,low,-0.04936558593518127,-0.05039664660825352,-0.09632822317987262,0.009916320283819018,0.26164381615837373,0.1985186537490331,0.0186758925984028,0.7570142539305138,0.10204081632653061,0.0021102062593149813,0.00147814857152156,-0.0020269754588444927,0.010148417784964335,0.7564279667657354,0.7552742154114611,0.6052251769749846,0.8516215562691057,mammals,marginality
Temperate broadleaf & mixed forests,int,-0.06287283722161065,-0.06382663655323864,-0.12225305697255115,0.011667017041220432,0.22399246802063713,0.15448223430358665,0.009589276721033015,0.7169194197072024,0.15306122448979592,0.002958662455643986,0.002313805285352805,-0.0019457204390387378,0.012767905496676989,0.7569407880897311,0.7558776215999268,0.6061635076123826,0.8518854168599809,mammals,marginality
Temperate broadleaf & mixed forests,high,-0.09068251498218995,-0.0901412797354204,-0.17347308299778214,0.013571450388368515,0.18586332945537754,0.1278911516710466,0.004282910625330946,0.6734805073369623,0.24489795918367346,0.004061601675038769,0.00296628932656136,-0.0018450124109232625,0.016030125153691812,0.7573573133765154,0.7562312432164888,0.6069068851930645,0.8521067524280688,mammals,marginality
Temperate grasslands savannas and shrublands,low,1.661609367540117e-4,6.694582843369545e-5,-0.06314225519803957,0.044611321466399914,0.7058091431802128,0.7137815571015231,0.2664019187275165,0.9944405641338107,0,-0.011348600994257035,-0.01306871922098533,-0.015149979961958552,0.0038420412895120333,0.004981942980970719,1e-6,NA,0.6596646971375305,mammals,marginality
Temperate grasslands savannas and shrublands,int,0.012754774608938623,0.01244504319154771,-0.06649561158691841,0.06966905352080173,0.6647114671129911,0.6975476611514779,0.2635810186270979,0.9822542647670565,0,-0.01020809965250174,-0.01281345869161046,-0.01514382906751445,0.00427645757019457,0.0021280398908574516,1e-6,NA,0.6486921580390529,mammals,marginality
Temperate grasslands savannas and shrublands,high,0.03838830930938525,0.03541236192261321,-0.07323529985576394,0.1335649211782105,0.5919032442665061,0.5818289018431311,0.15518370343630813,0.9699792161408,0.010526315789473684,-0.007173585699098759,-0.01046203429825482,-0.015129336189908246,0.015710401197491328,1e-6,1e-6,NA,0.6375146462369715,mammals,marginality
Tropical & subtropical coniferous forests,low,-0.02614486258359765,-0.02622753684707302,-0.0781148221619441,0.024804436884164734,0.6162780518682475,0.6316550652838921,0.17298879000650924,0.9828577460981756,0.010101010101010102,-0.0037268362114346843,-0.00540796293278625,-0.007038194545487668,0.006118167223330183,1e-6,1e-6,NA,0.2505083975912982,mammals,marginality
Tropical & subtropical coniferous forests,int,-0.026424566573877033,-0.02770717373802167,-0.08820941022855922,0.03485343027564444,0.6268075914834564,0.6421996043661253,0.18077448135862575,0.9878519204396551,0.010101010101010102,-0.003952229725517637,-0.00550705920752712,-0.007040598569992855,0.005701520921509332,1e-6,1e-6,NA,0.2514100509820174,mammals,marginality
Tropical & subtropical coniferous forests,high,-0.025487952978881057,-0.02682804444866082,-0.11273944648560827,0.06339633526179171,0.642378604562366,0.6594260436644461,0.1920542510762821,0.9903250122512699,0.010101010101010102,-0.004282412918790961,-0.00566095434118698,-0.007041206322563751,0.0049995950373892175,1e-6,1e-6,NA,0.25453509095944904,mammals,marginality
Tropical & subtropical dry broadleaf forests,low,0.00151538937878558,-3.1699830230794146e-4,-0.04340825465450874,0.050309430383363316,0.6434325342386618,0.6976865950468505,0.16675982972404768,0.9776666401774526,0,-0.00216835246035746,-0.00299770279114781,-0.003530677244010015,0.003295483068632839,0.29867448829565185,0.300290646181855,0.032828162641046384,0.6594500792846225,mammals,marginality
Tropical & subtropical dry broadleaf forests,int,-8.20961771706275e-4,-0.00370717599452952,-0.05382976097090896,0.05941568027867068,0.6158045208660844,0.6340609177824086,0.13673631301341696,0.9696741491780835,0,-0.0019721293622992704,-0.00272895610078916,-0.0035284000656810033,0.004301746967281173,0.2993188920826318,0.30166487561540944,0.03277998682467563,0.6600498110677736,mammals,marginality
Tropical & subtropical dry broadleaf forests,high,-0.007716552652668715,-0.00476812154508335,-0.09147803225364312,0.07585900110799787,0.5839692218184002,0.5729554314378134,0.12137906710584306,0.9769977997205979,0,-0.001605943790807,-0.00240540792637054,-0.003529594645478421,0.004986020111879116,0.3007904398124121,0.30144703622947666,0.03288193113938356,0.6611909158837527,mammals,marginality
Tropical & subtropical grasslands savannas and shrublands,low,-0.03322069527678047,-0.03333685026688937,-0.06072948259988736,0.0027413580633229213,0.24636061074963272,0.1929314235930688,0.017593210163300108,0.8628186995479765,0.14285714285714285,0.0016562503597784073,0.0010399069832598951,-0.0014476501668621096,0.006909433218308144,0.4971901552774988,0.5021770939706167,0.24352159708157725,0.6995042132125296,mammals,marginality
Tropical & subtropical grasslands savannas and shrublands,int,-0.04078861364764001,-0.04250157832597663,-0.07326971887062429,0.0012641732536538889,0.225861524510608,0.15553532737209885,0.010616504048648799,0.8014262535414804,0.19387755102040816,0.0020360261897688636,0.00152081569487982,-0.0013960528015489906,0.008285055531690065,0.4972558792859363,0.5018373347182965,0.24418808964155983,0.6992911911581464,mammals,marginality
Tropical & subtropical grasslands savannas and shrublands,high,-0.05529957294698282,-0.05826499289622787,-0.09848868029390367,-0.0020914855361865736,0.21605419784280439,0.1291329227375192,0.007388731618739814,0.7888875483027802,0.22448979591836735,0.002327718536802485,0.0019469174949305998,-0.0013851656263477682,0.009185079145460613,0.49736955437729274,0.5014970271707193,0.2451831771838562,0.6990523997608467,mammals,marginality
Tropical & subtropical moist broadleaf forests,low,0.005030427001027033,0.00513255983240559,-0.02860292800108267,0.03360015540105209,0.6270610682875342,0.6714650110164913,0.1925374194743536,0.9856491166078456,0,-0.0010809753817691663,-0.00147951018001217,-0.0018044225491391694,0.001269818820025847,0.31290970349848973,0.3122335449131631,0.139700213283664,0.5348633748964892,mammals,marginality
Tropical & subtropical moist broadleaf forests,int,0.005319009072421559,0.00723521571138804,-0.0339257568026667,0.03865352704760651,0.6187368827919039,0.6495252791748976,0.2077335161299108,0.9841629567635974,0,-0.0010478651178893348,-0.00143137172876002,-0.0018042371136687595,0.0010641877320128903,0.3126944350484479,0.31260255511224344,0.13959042526736612,0.5346324702042465,mammals,marginality
Tropical & subtropical moist broadleaf forests,high,0.004950112292588638,0.00548446089133876,-0.04856135934953507,0.04758274894895172,0.6138526376010272,0.6045293140193821,0.16591149260698546,0.9851174726411296,0,-0.0010121223766845831,-0.00131971095919746,-0.0018044043008759154,0.0016644734094379086,0.31219034067159923,0.31180359404484825,0.13927169291931407,0.5340885262521649,mammals,marginality
Mangroves,low,-0.03402737311607813,-0.03351606089779849,-0.06038130425607478,-0.0031847490475429025,0.1963181010344908,0.12305699567471462,0.005901868140607357,0.8869016387247466,0.23958333333333334,0.001810375257123537,0.0014216814822819099,-0.0010095257806298176,0.006909362830176085,0.8221610555494812,0.8222193439544877,0.740844917080477,0.8779120209654756,mammals,marginality
Mangroves,int,-0.033421295835555385,-0.03389415666019564,-0.0640583191263528,0.004869307077142868,0.2539604128973232,0.170289110688439,0.010230873667687015,0.8525687070741383,0.14583333333333334,0.0012354102630573118,9.087499255880766e-4,-9.952616322880545e-4,0.005800288070404905,0.8232377815471913,0.8232468331758074,0.7425269148625211,0.8785857637776869,mammals,marginality
Mangroves,high,-0.03638096945793138,-0.03888266529562032,-0.07607367691216876,0.01653859986941131,0.31510774520222107,0.22832775467000566,0.01706928472238941,0.8756591072128473,0.125,8.004428434934309e-4,4.664117321940802e-4,-0.0010056414866319338,0.004835660823157414,0.8240652308292424,0.8239389206593402,0.7438655116312249,0.879089587283804,mammals,marginality
Mediterranean forests woodlands and scrub,low,-0.014633231965575349,-0.01629909443037842,-0.03826204871041605,0.010816056791222281,0.5640152448563253,0.5228353753610762,0.1504766377177001,0.9726808673041232,0,-9.720441386795865e-4,-0.00124073844211288,-0.00209835151933904,0.002251826090247144,0.38996250187840065,0.38589113936374414,0.18458993327704412,0.6046388917740834,mammals,marginality
Mediterranean forests woodlands and scrub,int,-0.01663162461559968,-0.0188880948699371,-0.044711076349993883,0.01397078174295413,0.5662533268362134,0.5251349191840808,0.14315973658805675,0.974770582575559,0,-9.458127879991466e-4,-0.0012502134384383,-0.0020986804174173263,0.0024472275121034683,0.39070930147326616,0.3868223298147639,0.18536750632944712,0.6050050895211443,mammals,marginality
Mediterranean forests woodlands and scrub,high,-0.020810784324178856,-0.02425179422490239,-0.0632693583244487,0.027491116011027966,0.5642255346311131,0.5377213400227117,0.11617106297854754,0.9603103564839512,0.020618556701030927,-9.159267652538324e-4,-0.00130078767144112,-0.002094723172379866,0.003224011022381126,0.39194539737309547,0.3891094208587667,0.1866222094434745,0.605644417672777,mammals,marginality
Deserts and xeric shrublands,low,-0.08623194941674675,-0.08567837624091523,-0.10129783224718761,-0.07194836050226805,1.4143220870378795e-5,3.123305630126083e-6,1.290032028977706e-8,1.1010594306102287e-4,1,0.021275307094180244,0.02084644992901592,0.014093158294659944,0.031726518637882874,0.09505409697530554,0.0982997810202982,NA,0.2595586033261158,birds,marginality
Deserts and xeric shrublands,int,-0.10085370323149463,-0.10077395458572928,-0.11729183816276789,-0.08373994780648986,1.4332600721708245e-5,2.2275189488496494e-6,3.4499936774068375e-8,1.1579805693316946e-4,1,0.021372207469544862,0.02149151751325257,0.014011375340891254,0.029487537074134852,0.10398508053685347,0.10444684110335344,NA,0.26171559516580006,birds,marginality
Deserts and xeric shrublands,high,-0.11603040536220148,-0.11556338807688588,-0.13471803770889773,-0.09516709434486705,2.636302061616002e-5,3.7233022982530177e-6,7.027595323449987e-8,1.8679363691291833e-4,1,0.020330710032961018,0.02051121476577369,0.013096573530733905,0.028097535895259745,0.11453463964944131,0.11428605237963715,0.024224138973755745,0.2699203716607245,birds,marginality
Flooded grasslands and savannas,low,-0.06107641620383266,-0.06079301012355527,-0.08220911306227721,-0.04316841343761395,0.045244271539541414,0.035800813059365444,0.00444945814794639,0.13558721559350304,0.68,0.005014095119453912,0.00473850258162695,0.0017122602377976689,0.00983565728822235,0.1006925626171158,0.09975289348664576,0.03094728978567217,0.209375294269868,birds,marginality
Flooded grasslands and savannas,int,-0.07172163391591727,-0.07147969906935198,-0.093859926646965,-0.04935591473606662,0.0446903882070841,0.03473435470879149,0.00524024798782596,0.1402654964808134,0.7070707070707071,0.005103029705316433,0.00481010216581089,0.0016383810457027224,0.00942704626013145,0.10244772444176073,0.10170978915977404,0.03250460871504491,0.21096101729888164,birds,marginality
Flooded grasslands and savannas,high,-0.08292246711340959,-0.0821640597049782,-0.10945438163920748,-0.05579245647280795,0.05111683085927717,0.03846884859524646,0.00662602503071796,0.15099607029290085,0.6767676767676768,0.004820226955538133,0.0045687087346637,0.0014812360618324332,0.00886974009434751,0.10502835204274032,0.10432809692489776,0.034512322381540936,0.21369229947975574,birds,marginality
Montane grasslands and shrublands,low,0.02346081121344593,0.02444118588059396,-0.022100852737195104,0.06430086131427275,0.6240740994747631,0.6413042468671244,0.23336253167245635,0.9674281334274655,0,-0.010469336798999971,-0.0129650002241056,-0.016638048668415235,0.007365382890713257,1e-6,1e-6,NA,0.22609003409451456,birds,marginality
Montane grasslands and shrublands,int,0.02499998682456772,0.026646818285326328,-0.030582072934847715,0.0761741988738448,0.6281290992758961,0.639938359388025,0.23422372427223653,0.9628661881942642,0,-0.010735953768667589,-0.012933444665529936,-0.016627363454096315,0.007240141688633755,1e-6,1e-6,NA,0.22563278884771304,birds,marginality
Montane grasslands and shrublands,high,0.024769914939103528,0.02805563729302895,-0.04017274987304582,0.08984764809716095,0.6454722382409754,0.666529048256833,0.23012808981088967,0.9483179502102427,0,-0.011263981553360452,-0.013497071129663349,-0.016592241911801565,0.007643198819822964,1e-6,1e-6,NA,0.22481784756367135,birds,marginality
Temperate broadleaf & mixed forests,low,0.008393952228559856,0.00960839793109105,-0.00948899098036687,0.02357806321679582,0.6754550673707784,0.6884881065818669,0.33522756312716717,0.9831037840048287,0,-8.215000145008504e-4,-9.169656670685444e-4,-0.001092405105231525,-7.566116454812444e-5,0.4884505182260269,0.4850054616249512,0.3433998382992686,0.6160654232442386,birds,marginality
Temperate broadleaf & mixed forests,int,0.007160775977111834,0.00800960238647439,-0.012597219758446524,0.02489107994960616,0.7124026633492634,0.7356158485609847,0.3682028536641183,0.9677364215026556,0,-8.76099159249335e-4,-9.680903209137736e-4,-0.0010911040813861201,-2.0543099473157003e-4,0.48903136135645137,0.4855907885158549,0.34386330325364745,0.6165979298970461,birds,marginality
Temperate broadleaf & mixed forests,high,0.004062614386047716,0.00449683722451069,-0.01881379302626418,0.02531091757206504,0.7600619544393892,0.7979907112308013,0.3988760196563004,0.9784485643649212,0,-9.26405142122145e-4,-0.00102118616959673,-0.0010920971677672914,-3.139565124512149e-4,0.49011735860583633,0.4861791428768876,0.34501130413719433,0.6174737604855836,birds,marginality
Temperate grasslands savannas and shrublands,low,-0.018693535840805763,-0.01664796415357528,-0.05297834996107764,0.010888085077711251,0.6453355901941576,0.6868994094009806,0.20049603116410758,0.9803068243453188,0,-0.0040192262907300606,-0.00529161822769083,-0.006325190395133761,0.0041163352088717155,0.30408070176124763,0.30452673437396394,0.11253055685174035,0.5239856472989158,birds,marginality
Temperate grasslands savannas and shrublands,int,-0.02985631784896982,-0.02649252154351261,-0.06911253961564451,0.007735021442327704,0.552491409283546,0.5767448671802171,0.14987733425420774,0.9207840785085111,0,-0.0028578521537436993,-0.00434062643027096,-0.006260398751311848,0.006865602347476751,0.3053675835406781,0.30624387588081325,0.11372696824784963,0.5251718912155199,birds,marginality
Temperate grasslands savannas and shrublands,high,-0.04186873396914751,-0.03836303177089928,-0.08871124810489597,0.0020366345984427453,0.49028225862545205,0.4948910848964503,0.11692852987210732,0.9300566276067636,0,-0.0018817942231001109,-0.00335687268514687,-0.0062798595925555615,0.009355515003590536,0.3059343381540338,0.30690510206733473,0.11430045892836181,0.5256546299878802,birds,marginality
Tropical & subtropical coniferous forests,low,-0.031633680551903846,-0.03208609252263939,-0.04529780842995585,-0.01695230628857241,0.1927642311168805,0.16891541482662564,0.05348674166852582,0.46482708423744507,0.020202020202020204,0.0028663104836545096,0.00258832243558079,-0.0013239811651164894,0.007875699671729307,1e-6,1e-6,NA,0.20798758217408758,birds,marginality
Tropical & subtropical coniferous forests,int,-0.030763793216268775,-0.0316632480078729,-0.046709411918776214,-0.012465426306574483,0.2868685280955277,0.24476442795933329,0.09026166311235242,0.6576513945628182,0.010101010101010102,0.0011322291364622842,0.00102935518354498,-0.0023025033738900682,0.005406377951694339,1e-6,1e-6,NA,0.20580357438736074,birds,marginality
Tropical & subtropical coniferous forests,high,-0.031182418499424127,-0.03191594579395307,-0.05166141387067809,-0.006734364096380484,0.3696061106642506,0.3241543067742967,0.11959310103243495,0.8438237756664781,0.010101010101010102,1.4516827810718926e-4,-7.237658009398903e-5,-0.002775945653657381,0.004120292841898489,1e-6,1e-6,NA,0.203608476592292,birds,marginality
Tropical & subtropical dry broadleaf forests,low,0.04406417981429781,0.04360983024343445,0.02079332337202473,0.06257894025177814,0.15657254759206635,0.13646863195389736,0.03576055268418432,0.480352075880325,0.08333333333333333,0.0029790611397940013,0.0026390088093297646,-0.001083419619025455,0.007391183099772736,0.17381732287661575,0.1708014752404408,0.05261565463777058,0.3478380875618545,birds,marginality
Tropical & subtropical dry broadleaf forests,int,0.05264151597959711,0.05235268142415878,0.023676965728933186,0.07514952438268033,0.1526755380816076,0.1310140278548757,0.030539353036182548,0.49391979549797277,0.11458333333333333,0.0031403568308293827,0.00277542718478374,-0.0011487623947717075,0.007944305781493027,0.17447476098962558,0.17154119403054527,0.05354206357679173,0.3481242630748524,birds,marginality
Tropical & subtropical dry broadleaf forests,high,0.06100864239155617,0.05968770340694018,0.026729873972856588,0.08899079985754958,0.16498945874753326,0.1412338791645822,0.031623294025815867,0.5166697911157183,0.09278350515463918,0.0028932200433604534,0.00252470224936368,-0.001250346335790184,0.0078169112902047,0.17531635761773826,0.17313597840842412,0.054703719383986334,0.3486485096736368,birds,marginality
Tropical & subtropical grasslands savannas and shrublands,low,-0.0550354262435358,-0.05484300536138274,-0.06510626667489162,-0.04480972300759123,0.001005617920583251,5.052554034943313e-4,2.792140050182912e-5,0.004271244629488918,1,0.007397963313618931,0.00722443330955219,0.004671073104947164,0.01075843289945161,0.35052098238561447,0.34848455816721857,0.2357224126407149,0.46684888335703145,birds,marginality
Tropical & subtropical grasslands savannas and shrublands,int,-0.06439182708289637,-0.0639947595532059,-0.07669679497095362,-0.052363582597458005,7.38067503720868e-4,3.882557295340483e-4,1.3415829221202768e-5,0.003114545721355782,1,0.007863015524125461,0.007544183682363301,0.0050442573116704316,0.011664227869091631,0.35099393789859223,0.34880941313463487,0.23674851547685172,0.4668571059627683,birds,marginality
Tropical & subtropical grasslands savannas and shrublands,high,-0.07477094164263166,-0.07440612966736215,-0.09028536754722372,-0.06016391409256304,7.523676193952878e-4,3.513734638801417e-4,1.2442338972923351e-5,0.0034666193871023335,1,0.007893852824636786,0.007665338984652615,0.004929075145094428,0.011774772474740252,0.3519398874268925,0.34923173175524436,0.23814229632339481,0.46738914798099995,birds,marginality
Tropical & subtropical moist broadleaf forests,low,-0.07666992862291074,-0.07701454269068819,-0.09049480091967735,-0.0606308710992439,9.257355807261129e-5,2.7114191902821716e-5,5.548817229028558e-7,8.721177103123701e-4,1,0.014978050941649392,0.014846978379767145,0.00903770578708529,0.021436522721857296,0.21127230443743195,0.20954746639483088,0.1012926097900378,0.3523170657717659,birds,marginality
Tropical & subtropical moist broadleaf forests,int,-0.08957890104322624,-0.08974895866757537,-0.10635426430512765,-0.07068743605933536,7.920760055301952e-5,2.0492950066786086e-5,3.8012210951121617e-7,7.069546430602536e-4,1,0.01548024123525569,0.015327703558441645,0.00938545574567845,0.022080964756698955,0.2128967458218409,0.21098949386797727,0.10303204339191598,0.35352039500419236,birds,marginality
Tropical & subtropical moist broadleaf forests,high,-0.10503347721685768,-0.10522688954254122,-0.12556846721905845,-0.08367987291217047,8.392732099026215e-5,1.944349263560685e-5,3.642047350593814e-7,6.495272428097556e-4,1,0.015537861629058432,0.015410843245931685,0.00953078603211131,0.022164062262912697,0.21533870308733555,0.21339002720799477,0.10539943791648619,0.35560194654552835,birds,marginality
Mangroves,low,-0.05216506740141156,-0.05165322703408211,-0.06202877550116309,-0.04201335159291962,0.0010396341413701014,5.749380295922979e-4,3.2740290159472e-5,0.00471135422185775,1,0.005626896004522044,0.005428282084187415,0.0035025192348808925,0.008116715325802798,0.6746884506042437,0.6711577400050064,0.5979176936566349,0.7395561715847359,birds,marginality
Mangroves,int,-0.0582459839447151,-0.057633379571999994,-0.07023999261949843,-0.04747020750674626,0.0010931637426282634,5.646469347988514e-4,2.8599771445608767e-5,0.004475487029608259,1,0.005607013865291764,0.005447004408741195,0.003543811232597868,0.008246773331963948,0.6746668179464135,0.6714693229335468,0.5979683968048387,0.7394996280044439,birds,marginality
Mangroves,high,-0.06464110016377889,-0.06409079375930983,-0.07892799176487802,-0.05200166609842824,0.0016078834226022915,7.606413320682126e-4,4.946326745898233e-5,0.006152341251844247,1,0.005250996952100773,0.00516854444832067,0.0032564891755886283,0.007726321005245684,0.6748791255564681,0.6716557620571968,0.5983126774677117,0.7396239641412564,birds,marginality
Mediterranean forests woodlands and scrub,low,-0.01377816833348604,-0.013941238856806804,-0.024554257943637813,-0.0019889308591815617,0.47049454159530885,0.4484655073191355,0.17149513062404337,0.9131412373109061,0,-2.9782702392260605e-4,-4.015236482453655e-4,-9.33917850420048e-4,8.238139731798961e-4,0.2464478172644013,0.2456253160233644,0.13877421174686524,0.378272182804707,birds,marginality
Mediterranean forests woodlands and scrub,int,-0.016279414173565196,-0.016617626009970493,-0.029386815663389975,-0.003812484162367437,0.4605664370147112,0.4399067589645129,0.1617481249707255,0.8575077168055568,0,-2.720296404337632e-4,-3.8071499829989955e-4,-9.146482235900046e-4,9.160627116743353e-4,0.2468948259933303,0.24608486285229764,0.13935894328682874,0.37854945614992447,birds,marginality
Mediterranean forests woodlands and scrub,high,-0.01944392808783885,-0.019306646492057433,-0.03673887400956305,-0.005593239936840931,0.45330126491409206,0.44734278725462995,0.14150966880075594,0.8237132505594147,0,-2.495420444398769e-4,-3.988222002193595e-4,-8.980206550553894e-4,0.0011052686261462223,0.24740189521025555,0.24669255450236122,0.14000132490585446,0.3788846774531779,birds,marginality
Deserts and xeric shrublands,low,-0.010496306417856434,-0.010711141585375875,-0.03832015744653215,0.023062558570816596,0.5154654751560096,0.5235275931658956,0.0642902328315486,0.9898918542071296,0.02040816326530612,-2.742309799716452e-4,-0.00117745116043013,-0.0019917104266101884,0.00482520551312389,0.7699400793851154,0.770282579928167,0.661369560023331,0.8469275682411546,reptiles,marginality
Deserts and xeric shrublands,int,-0.009742971454962291,-0.00962247239081737,-0.042311792675182494,0.02682877048416797,0.5177348526926263,0.5296994704867246,0.0654284343566796,0.9645273682781097,0.02040816326530612,-3.372049372702849e-4,-0.00120320071863745,-0.0019879189230487377,0.004775167742370768,0.7701232784559324,0.7705746188162135,0.6615923312372742,0.8470674980242497,reptiles,marginality
Deserts and xeric shrublands,high,-0.00814686717718816,-0.00896933235215467,-0.04793066873766962,0.03306294962277076,0.5173460796327394,0.541300443776872,0.06054206907746377,0.978693063277042,0.01020408163265306,-3.9593659884899773e-4,-0.001246079096505085,-0.0019905892741914053,0.0050254524385839015,0.7703689413324651,0.77081339071951,0.6619003483943604,0.8472504347795998,reptiles,marginality
Flooded grasslands and savannas,low,-0.010631590377553707,-0.0106294179355979,-0.06337556393890881,0.031137948721763762,0.5991705739422379,0.6119989510954402,0.06734420316532264,0.9823949246224675,0.020618556701030927,-0.0013484171525490652,-0.00234686148706361,-0.003162962976583182,0.00742001879519377,0.15084557610866858,0.1490716153919915,NA,0.3735018724916583,reptiles,marginality
Flooded grasslands and savannas,int,-0.012736537516788831,-0.013642318965437269,-0.07385926669215631,0.03648471254540102,0.5825471979188684,0.5958314840144575,0.05640021878053591,0.990331526235777,0.01020408163265306,-0.0011266704934352373,-0.0022702084591155096,-0.00316409005635322,0.00834327844601986,0.15068436307536093,0.14899797620147331,NA,0.3732241009246842,reptiles,marginality
Flooded grasslands and savannas,high,-0.015808489851030054,-0.01632491516953282,-0.08337760377129291,0.041897108955596396,0.5651620940562214,0.5620963715339911,0.0503546178218834,0.9755599463027508,0.030927835051546393,-8.986486032048873e-4,-0.00209650295536946,-0.003161561759420348,0.008950112039664365,0.15062109873413856,0.1491942898876793,NA,0.3730765073707592,reptiles,marginality
Montane grasslands and shrublands,low,-0.038314933504987554,-0.03929745883707764,-0.16823332558587967,0.09028128932817384,0.4727703820467958,0.4786669237484127,0.03611426286356023,0.985175485201146,0.06382978723404255,0.0038971549760099407,-0.01817621061669618,-0.038445181608553806,0.12576129763631558,0.8115373133097051,0.8245648300864705,NA,NA,reptiles,marginality
Montane grasslands and shrublands,int,-0.037302626281635214,-0.03967134438519144,-0.17550445517430488,0.11336332999632553,0.4568042785915545,0.4683890512546221,0.03629903549788312,0.95467304198999825,0.061855670103092786,0.00590113085204288,-0.0172738955069664,-0.03832497296673919,0.1255284747122368,0.8152393632662918,0.8268759496858005,NA,NA,reptiles,marginality
Montane grasslands and shrublands,high,-0.03257132375781236,-0.03749254837225001,-0.19163408153980574,0.13048737245187547,0.4622556942751036,0.4687668379404665,0.04592100661375341,0.9300057936858874,0.031914893617021274,0.002915075437446644,-0.017248360208268,-0.03814591332135519,0.11194867823498544,0.8148280679123285,0.8272529489410552,NA,NA,reptiles,marginality
Temperate broadleaf & mixed forests,low,0.009407207548905883,0.00879979922939024,-0.05426542203099755,0.08365179497400213,0.47768696728814686,0.4601752638922727,0.012926539755055807,0.9577613028112768,0.09090909090909091,7.964569391000148e-4,-0.00163806311664614,-0.003612393148170019,0.0186479087830761,0.747210571746397,0.7497400691076508,0.5268875017317081,0.8759092355558062,reptiles,marginality
Temperate broadleaf & mixed forests,int,0.010978616057920486,0.00877790125978481,-0.056922944303141314,0.09045868214306022,0.4773308157241489,0.4345207623533924,0.012666004567832397,0.934931167519678,0.08080808080808081,8.723963048000785e-4,-0.0014008934790191,-0.0035989070174415,0.018765104994830757,0.7472972498608506,0.7498774602338394,0.5270492633713464,0.8759470989882074,reptiles,marginality
Temperate broadleaf & mixed forests,high,0.013282590694414448,0.01083810560793661,-0.061008496885006,0.09965129035271925,0.47743222456921114,0.47330352652778207,0.011953262849267603,0.9767975309540163,0.09090909090909091,9.521577910723321e-4,-0.00175155910392981,-0.003619836894034684,0.019139655045312447,0.7473938012403051,0.7500119054730512,0.5272313836969842,0.875987730864395,reptiles,marginality
Temperate grasslands savannas and shrublands,low,-0.002046758617832965,-6.920135446999431e-4,-0.08562100453119645,0.06032858520866409,0.591100719725473,0.663590288352726,0.031243823377747493,0.9664574417866427,0.04081632653061224,-0.007580694015535788,-0.02171790593108786,-0.026975424167652872,0.0955828235383502,0.02745560654314669,1e-6,NA,0.7028796582664021,reptiles,marginality
Temperate grasslands savannas and shrublands,int,-0.00563538422711076,-0.0040211877196045746,-0.09341837258357684,0.06721708341331342,0.5798628342378024,0.6459588242066162,0.026966945827241053,0.978060614649493,0.04081632653061224,-0.005969970808274202,-0.021103813986365003,-0.027005714861204174,0.10191928731658254,0.0279338644447532,1e-6,NA,0.7056105165022284,reptiles,marginality
Temperate grasslands savannas and shrublands,high,-0.012019923165584107,-0.011914954780332325,-0.10557598134356783,0.07457565639503816,0.5576948273179246,0.5987888460953733,0.022573712538190648,0.9831918691035143,0.05102040816326531,-0.00377745707406835,-0.01926791301341384,-0.027014537661987498,0.10980742840046404,0.027744702745768093,1e-6,NA,0.7091563059421172,reptiles,marginality
Tropical & subtropical coniferous forests,low,-0.024207718088956,-0.02509719716335823,-0.05893363047599673,0.014744142783822623,0.39415099270918375,0.3111236703765914,0.03059452503728099,0.9586541631956542,0.10101010101010101,0.0026057849271465825,1.860344344799756e-4,-0.005830823775000382,0.02136005616859576,0.004710888846386592,1e-6,NA,0.33584767377938113,reptiles,marginality
Tropical & subtropical coniferous forests,int,-0.024632338727742842,-0.02541766354617269,-0.061451637242960544,0.01754586809339909,0.4068042539081585,0.3250878527918748,0.034807827931389604,0.9137503636482551,0.08080808080808081,0.002120309311072388,-1.5139388123436553e-4,-0.005778704548376913,0.020106461809729467,0.004906428141264464,1e-6,NA,0.34478939049791946,reptiles,marginality
Tropical & subtropical coniferous forests,high,-0.024834671803004773,-0.02586239753717212,-0.06276190232886983,0.021465817109660924,0.43185346714718315,0.36577071109562587,0.03708563325174785,0.9769232014240217,0.050505050505050504,0.0013891791071364997,-0.00103392967426206,-0.005843016194119204,0.019487112747826357,0.005002259818380026,1e-6,NA,0.35831343223252327,reptiles,marginality
Tropical & subtropical dry broadleaf forests,low,-0.015749160825469937,-0.01610037902252792,-0.0526530299690212,0.02542317856662129,0.46690513473290823,0.42069151649288106,0.02522760482934798,0.9729302556098434,0.08080808080808081,4.2564520523488925e-4,-7.810615078348046e-4,-0.00222951422578042,0.008923314964845459,0.39545896438447475,0.3955746381617349,0.15222535487009714,0.643014919508802,reptiles,marginality
Tropical & subtropical dry broadleaf forests,int,-0.013859447070701629,-0.01372514410360356,-0.056664593510616874,0.032950108450450336,0.49569465537298313,0.5094527048350481,0.030691194894241207,0.9906789242317182,0.0707070707070707,1.4152820833301144e-4,-0.00125795258984262,-0.0022318101308664035,0.00817410521037634,0.3935153343610167,0.3931283418428124,0.15000737805768122,0.6423545475434861,reptiles,marginality
Tropical & subtropical dry broadleaf forests,high,-0.01099467851727332,-0.01023782047904012,-0.060730655747218795,0.04325030572231692,0.511198113188974,0.5192261376647946,0.037576898288622734,0.9707511583718861,0.04040404040404041,-8.746275507771606e-5,-0.00130216742576706,-0.0022291175059494335,0.007405934029262358,0.39122400933864376,0.39018489158755687,0.1476391427483154,0.6414421361843896,reptiles,marginality
Tropical & subtropical grasslands savannas and shrublands,low,-0.01324651520834332,-0.014771013157962495,-0.036202055446482515,0.01553233602775355,0.40633827904725084,0.3314924762969804,0.024351016268856683,0.9602144667394641,0.07142857142857142,4.1567355669495633e-4,-5.947847150281382e-5,-0.0010609284666074435,0.0043233114961194336,0.32921128422306956,0.32657801812013665,0.15880162007442009,0.50050483354956,reptiles,marginality
Tropical & subtropical grasslands savannas and shrublands,int,-0.01279712122150405,-0.013929708591951225,-0.04076173430237373,0.01895344704071991,0.4305044908771212,0.3757069601660581,0.02273584619297212,0.9864831689800886,0.061224489795918366,3.031677995379528e-4,-2.2551317534809747e-4,-0.0010635239280822736,0.0044845574099847555,0.32925101609547397,0.32744348007894586,0.15856339954055162,0.5006823520263686,reptiles,marginality
Tropical & subtropical grasslands savannas and shrublands,high,-0.011919328149158174,-0.01321537828809844,-0.04695037709931984,0.024988038692192086,0.44232846978859797,0.38363115820444915,0.023337132608951906,0.9439981711140735,0.05102040816326531,0.00018611839016058048,-2.550867965350779e-4,-0.0010585552677053439,0.00460856505190438,0.32929133748138883,0.3277703493340876,0.15823422250385852,0.5009006367577945,reptiles,marginality
Tropical & subtropical moist broadleaf forests,low,-0.02270000148376326,-0.02393625133337984,-0.04505850775551533,0.00931107680310838,0.32357185687351325,0.23900572622723448,0.02695146995328805,0.8745970889627901,0.12371134020618557,0.0012632600909653975,6.911689167216368e-4,-0.001728468607928778,0.006928922475208515,0.0740360703222423,0.07414887058991174,NA,0.26846177920542874,reptiles,marginality
Tropical & subtropical moist broadleaf forests,int,-0.025110913190490247,-0.02634274176904805,-0.051232619527130846,0.011923064692448748,0.32693265916022235,0.23791914806054337,0.0242902797019779,0.9156345499462007,0.1414141414141414,0.0013303739122028017,7.026165122542049e-4,-0.001759333039171104,0.007235616256668237,0.07288532686308609,0.07274521119812473,NA,0.26648456095533063,reptiles,marginality
Tropical & subtropical moist broadleaf forests,high,-0.02749773768517912,-0.029618610739490618,-0.05931175546979996,0.016374631106902147,0.3381921266157213,0.24689280321242713,0.021684793961841763,0.931899112034819,0.12244897959183673,0.0012509290095654806,6.100915926871926e-4,-0.001766328916788862,0.007583106435580508,0.07113174710029131,0.07123019609895835,NA,0.26426808188088186,reptiles,marginality
Mangroves,low,-0.028234630504777626,-0.03064881793176239,-0.05187650381395849,-4.378026464705916e-4,0.12861897395996313,0.02572268689385848,1.4918826802393648e-4,0.6020836824157635,0.5714285714285714,0.003077717073464216,0.002869594998057395,-5.258683934784428e-4,0.009628008849540761,0.4520443279898237,0.4544734672092715,0.33594348713184435,0.5622174286907001,reptiles,marginality
Mangroves,int,-0.0287409920430783,-0.03121097394745984,-0.054276503760531065,0.003365775571056045,0.15696275802009338,0.04305496601186375,2.509763027376933e-4,0.7247171581313974,0.5306122448979592,0.0026566823904964985,0.0022338348623783246,-6.317420478205796e-4,0.00898312008988155,0.4532108492228796,0.4556155761830509,0.33724676334897724,0.5631829384058225,reptiles,marginality
Mangroves,high,-0.030034799901138907,-0.03253287779803288,-0.057832531626948035,0.007374827020435883,0.18380825432053502,0.05729907716066118,5.18575090666229e-4,0.8492460985583157,0.47959183673469385,0.002309667983202567,0.0018882799923197599,-6.961350815513701e-4,0.008022537010631183,0.4541615861479218,0.4564634975758148,0.3383589138943217,0.5639417615557424,reptiles,marginality
Mediterranean forests woodlands and scrub,low,0.004766881636260284,0.0048896460521097255,-0.017098856962468142,0.027312892502808536,0.5756114867953565,0.6083522282823811,0.09811195508903656,0.9465115697138671,0,-6.468839317172978e-4,-0.0011284348007727,-0.0015243589901800998,0.0026666912191554456,1e-6,1e-6,NA,0.4482310796713257,reptiles,marginality
Mediterranean forests woodlands and scrub,int,0.007556637048448958,0.00746405193268806,-0.018082021465866342,0.03392872601608574,0.5463486053914112,0.5303127565143951,0.07360661414631747,0.970585708901655,0,-4.806319009022287e-4,-9.271358320683269e-4,-0.0015290130509813425,0.0033696430165702377,1e-6,1e-6,NA,0.44859530142342796,reptiles,marginality
Mediterranean forests woodlands and scrub,high,0.011161100000736442,0.01074033434619714,-0.01982613505102346,0.04219666216370403,0.5202996421996647,0.5595365441240624,0.062134377388115974,0.9722235379046366,0.01020408163265306,-2.85378520457817e-4,-0.0010088602799584751,-0.0015295146868457715,0.0038023031880303395,1e-6,1e-6,NA,0.44829887650101563,reptiles,marginality
Deserts and xeric shrublands,low,0.025067326040981924,0.023319475064631185,-0.02440451202840542,0.0752364426804909,0.4486597330326793,0.43304835499811706,0.01232766004920948,0.9400980506739827,0.12244897959183673,0.0022619014041571103,-0.00215375826707654,-0.005617183910231034,0.02940973038042927,0.8027026571842953,0.7960041491922192,0.6102321903327186,0.9136596258279231,amphibians,marginality
Deserts and xeric shrublands,int,0.028272345595536038,0.026746612505931154,-0.025146881664983137,0.08644446548547613,0.4401371869061555,0.4168565425479229,0.00772288947120626,0.9483395555462331,0.12244897959183673,0.0025718155645784095,-0.00189978265701956,-0.0056257773502422954,0.03403058053684348,0.8023725834578302,0.7959798519193002,0.6096395003042977,0.9135098877540198,amphibians,marginality
Deserts and xeric shrublands,high,0.03164784272210062,0.03052416676937085,-0.026264241612200492,0.10372030072539265,0.44474535854268354,0.4165243146152115,0.005916103547638584,0.9757509240662585,0.10309278350515463,0.002552938517502074,-0.00189568197076002,-0.0056442917953415245,0.03723219940797251,0.8019465154791413,0.7953913713403168,0.6090340264026588,0.9132623020275147,amphibians,marginality
Flooded grasslands and savannas,low,-0.010305971881920954,-0.011484173380543524,-0.08115969423171573,0.0646217365390028,0.5780321946735861,0.5640567502185673,0.12449731647925324,0.965883232035986,0,-0.003402351515581175,-0.0051459328361438406,-0.0077372316360504595,0.01058675305001475,1e-6,1e-6,NA,0.5623492086212536,amphibians,marginality
Flooded grasslands and savannas,int,-0.014058474354711052,-0.014168821758843816,-0.09633930653628629,0.06958840247599135,0.5632646480983585,0.5620966443988566,0.08922658130675501,0.962049917317257,0,-0.0030308588235550297,-0.00511651819259654,-0.007734179745485261,0.014652498761831664,1e-6,1e-6,NA,0.5617791863173142,amphibians,marginality
Flooded grasslands and savannas,high,-0.016709384984561083,-0.018552552081100508,-0.12175101916500779,0.07839317003732918,0.55316985261292,0.5671904181696386,0.06400664145484111,0.9896769180934961,0,-0.002698970006972425,-0.005184634948476119,-0.007750374810581437,0.01883149981105811,1e-6,1e-6,NA,0.5613148447046507,amphibians,marginality
Montane grasslands and shrublands,low,-0.16719427424242164,-0.1748865792441065,-0.29595848302835764,-0.03756879137297735,0.22539440001954436,0.1551822210552083,0.014777314438551058,0.7446335845301951,0.2268041237113402,0.14483539373385862,0.12337136850735024,-0.09717802608450749,0.44590868017598595,0.6447606950349017,0.6843645948065896,NA,NA,amphibians,marginality
Montane grasslands and shrublands,int,-0.19636315250258035,-0.2025098565749461,-0.35638831659724735,-0.042220889472088935,0.2045204765204946,0.11552465169234072,0.01241858335856522,0.7478037246297529,0.27835051546391754,0.16757258385521678,0.16901098092135444,-0.09749433192913443,0.46536729671494026,0.6403058241129667,0.7013862878996795,NA,NA,amphibians,marginality
Montane grasslands and shrublands,high,-0.23654075149586096,-0.24200713928799644,-0.44923031861030194,-0.04995648839809895,0.1853144046918077,0.10060295408479836,0.008134384740243472,0.7442183532246063,0.30612244897959184,0.19004959955902104,0.19007036651864406,-0.09698133709551168,0.5103931281222941,0.6391880019388779,0.7018840441612533,NA,NA,amphibians,marginality
Temperate broadleaf & mixed forests,low,-0.03923921866875731,-0.03549429818374557,-0.0938791161808114,0.020124262007064807,0.4172218542048153,0.40906118717499984,0.03635735869923461,0.9403958228633508,0.030927835051546393,0.0013363822739396695,-0.00226628778499322,-0.007205422121368,0.025416800652693944,0.8306147753880835,0.8334255019925414,0.5868360484252974,0.9415584541612276,amphibians,marginality
Temperate broadleaf & mixed forests,int,-0.04594139680842087,-0.04484133252876092,-0.10521124256229605,0.017607918818540305,0.38668664979936945,0.34882774939691474,0.03101669486515881,0.9744881499732897,0.061855670103092786,0.0024867268286242064,-8.372567658826036e-4,-0.0072388543786078546,0.027005733337580787,0.8312631293209427,0.8340861426661272,0.5882215517649193,0.9417665148022338,amphibians,marginality
Temperate broadleaf & mixed forests,high,-0.05540473458815516,-0.05327092888504892,-0.11970683916093966,0.013460403882078475,0.35619545921291645,0.3006925868798278,0.02310615558068751,0.9769094139354781,0.07216494845360824,0.0038880920900258953,5.694840210200222e-4,-0.0072401791495067345,0.03001536553683449,0.8317704398189081,0.8345158565029405,0.5894390671066986,0.9419139237145184,amphibians,marginality
Temperate grasslands savannas and shrublands,low,-0.041432525372089,-0.04046812572663366,-0.15661072802416282,0.05484992998459694,0.4311143789667085,0.459808852043182,0.010949890995287068,0.9221132254841192,0.09090909090909091,0.011820118927470376,-0.01587938059353741,-0.036651476122714965,0.19693750958149522,0.5641679749819978,0.5942249784093867,NA,0.9574689839708211,amphibians,marginality
Temperate grasslands savannas and shrublands,int,-0.04644548653306249,-0.05127990821887146,-0.17494364527345052,0.06317965111985967,0.42832763109320543,0.41673715217684415,0.00990729041384096,0.974239084248105,0.10101010101010101,0.01348940589859899,-0.01155253861126406,-0.036996223754186916,0.20746472318682663,0.5561179885662931,0.5848970135521091,NA,0.9570014053593721,amphibians,marginality
Temperate grasslands savannas and shrublands,high,-0.05194449254383031,-0.06128874936786008,-0.19516374417863933,0.07672731967477468,0.42551499986791236,0.35955352112341366,0.0094848037597264,0.9636045312982068,0.09375,0.015600706719902702,-0.004706908532667024,-0.03695452586531185,0.20985491227905784,0.5363071141586933,0.5650664445549805,NA,0.9559783978711215,amphibians,marginality
Tropical & subtropical coniferous forests,low,0.061209284465097324,0.057237224289059224,-0.007146693978016554,0.13228776007116733,0.26796819741762484,0.20683922121129328,0.0027660925885420657,0.9333766386109428,0.23469387755102042,0.023621919324312277,0.0098589672559843,-0.016003276374362378,0.12270056415028618,0.4718618633512453,0.4754361605213092,NA,0.7964286344847454,amphibians,marginality
Tropical & subtropical coniferous forests,int,0.0693789203081438,0.06481004093728257,-0.00933680732271818,0.14660668509269703,0.26034622123546614,0.1934461876810154,0.0027410424869038705,0.8878113037292185,0.25773195876288657,0.024953779603440314,0.01143117565266262,-0.015787428541047185,0.12216935559846326,0.47628907689786504,0.4814629269238986,NA,0.7980046553476982,amphibians,marginality
Tropical & subtropical coniferous forests,high,0.08036886842769862,0.07656015357042475,-0.013110684274489416,0.16692789542790287,0.25274463173206574,0.16776472614350846,0.00309714241280336,0.8771856048686875,0.24242424242424243,0.025767246942012118,0.01482688383101473,-0.01573453394100056,0.11862459186393648,0.4792345291924934,0.48380270870826986,NA,0.79906399829598,amphibians,marginality
Tropical & subtropical dry broadleaf forests,low,-0.0011600064519397923,-2.39614869335103e-7,-0.04175797148475304,0.044636268057205594,0.6027261185956271,0.6386976493421679,0.09692927694144321,0.9907007226792733,0.01020408163265306,-0.0023027438410407807,-0.004297506427325135,-0.005524102373648769,0.009765386768350278,0.48852233974036097,0.4831215757638157,NA,0.810168771830032,amphibians,marginality
Tropical & subtropical dry broadleaf forests,int,9.764352226236168e-4,0.00210773601087521,-0.04585987502910334,0.05149453608951904,0.5993713829896461,0.6450186739479045,0.08238671854352098,0.9777603825735776,0.010101010101010102,-0.0022259902611381486,-0.0043432297739855,-0.005519987748882595,0.011266737844613309,0.4870135687187003,0.47765399659310626,NA,0.8100489836226591,amphibians,marginality
Tropical & subtropical dry broadleaf forests,high,0.0030819545443299696,0.00228711028997025,-0.052592314009583134,0.06028165398857935,0.5966485316947389,0.6480602165150835,0.07920589156617162,0.986967985203212,0.020202020202020204,-0.0021005234334798067,-0.00436484040252158,-0.005523164460067984,0.011494279131850577,0.4865455220728173,0.47584876432311846,NA,0.809923328616157,amphibians,marginality
Tropical & subtropical grasslands savannas and shrublands,low,-0.024600363684969016,-0.02541922902271389,-0.0521250597279596,0.01110504472577848,0.31790813937152135,0.2398794165174809,0.019896019470227053,0.8863577575710162,0.1326530612244898,0.0018692369441465544,9.076959131638844e-4,-0.002315509467183276,0.010420805214614467,0.6466405794088882,0.6457639327435996,0.4720063031930876,0.7769960567955052,amphibians,marginality
Tropical & subtropical grasslands savannas and shrublands,int,-0.026293206299416862,-0.02817685829401699,-0.056202476975158525,0.015428605792070418,0.32898465279505873,0.2387330154104177,0.02210686546568526,0.9157606805301113,0.11224489795918367,0.001722271518108083,9.258405946210395e-4,-0.002335082490105638,0.010103324697531441,0.6471209585694462,0.6460036407107024,0.47265795960040125,0.777289506717079,amphibians,marginality
Tropical & subtropical grasslands savannas and shrublands,high,-0.029551986422389164,-0.032285273447086864,-0.06285465150386069,0.01718868771914353,0.33394964589070997,0.23133135122320958,0.02371550737373368,0.9272294239273084,0.10204081632653061,0.001693290294418626,0.001030285212012453,-0.002344262251883447,0.00972116562327522,0.647250902206345,0.6463451254403678,0.47288012809342633,0.7773520786325528,amphibians,marginality
Tropical & subtropical moist broadleaf forests,low,-0.017732988065190462,-0.0176882969030786,-0.04843718853284713,0.01294836671201788,0.4251772063137059,0.4156686290966136,0.02793172130684276,0.9037957526673319,0.13131313131313133,9.473010557896978e-4,-9.113236900283476e-4,-0.002677516816332679,0.010384509138512778,0.36777594688037996,0.3664705330515364,0.13012162858098988,0.5947418167159847,amphibians,marginality
Tropical & subtropical moist broadleaf forests,int,-0.019282951563448208,-0.01820468765256484,-0.05176654374573025,0.017098279878753928,0.4313624807154604,0.42165114716102536,0.026039839881156462,0.923673805761867,0.1111111111111111,9.603928610006754e-4,-9.571353199996792e-4,-0.0026917699848203226,0.010721833144988278,0.36766439954915553,0.3659014721545563,0.12990277369921585,0.5947148731848984,amphibians,marginality
Tropical & subtropical moist broadleaf forests,high,-0.021356028964725902,-0.01964593137439103,-0.06122070618964756,0.023255098898840754,0.44047890108176563,0.4247764095732176,0.02665545239666016,0.9646934408002019,0.08080808080808081,9.603712698310771e-4,-9.806841867566112e-4,-0.0027120217243791563,0.010637170102296,0.3675185021288403,0.3664022249607721,0.12968140850675847,0.594654468648756,amphibians,marginality
Mangroves,low,-0.018199368371226893,-0.01826326359844253,-0.03441769445326844,0.001616309376041411,0.1996979432819873,0.09543676995816884,0.001363134758063987,0.8140366151002463,0.42105263157894735,0.0020021489390389387,0.00137061191705021,-7.258708149305297e-4,0.007103620988412058,0.6685349656615658,0.6699597345976559,0.5666107074679156,0.7518930628477066,amphibians,marginality
Mangroves,int,-0.01835663053799965,-0.01748589280099813,-0.036868295179693464,0.0039025051403027,0.22749291680352718,0.13921998409525593,0.001771244860275817,0.7966575837008424,0.3939393939393939,0.0017205163277120325,9.139669290309052e-4,-7.171137967472534e-4,0.006751921053361104,0.6698049052469531,0.6703762406888703,0.56802336603335,0.7529607399809778,amphibians,marginality
Mangroves,high,-0.018997433052111202,-0.01896180222956057,-0.0398412665240029,0.006617685963334281,0.25763730769656273,0.1517837076732662,0.002740396076822454,0.9246222146341956,0.3434343434343434,0.0014429692537856656,8.121473896986652e-4,-7.585088045652008e-4,0.006166082150685338,0.6703233171214721,0.6706261019649116,0.5686508646050151,0.7533643469605054,amphibians,marginality
Mediterranean forests woodlands and scrub,low,-0.0016833455440877826,-9.75180274870372e-4,-0.03718819582835576,0.035069076029917615,0.6248494218240155,0.6741084684772778,0.1112972494748602,0.9805322768670152,0.01020408163265306,-0.0014316438305990245,-0.00257774943553152,-0.003132870963250362,0.004821126140146469,0.400330321518913,0.4008979475439723,NA,0.6748377217842656,amphibians,marginality
Mediterranean forests woodlands and scrub,int,-3.175479211962064e-4,8.327014561379904e-4,-0.03960674640262869,0.04259482010333103,0.620413767075035,0.6706757858522684,0.09011337781155745,0.9845940661145907,0.01020408163265306,-0.0013728828027128877,-0.0025654043909666647,-0.0031336209032180777,0.005871737791552806,0.4008481398408051,0.4026433520361984,NA,0.6749618932850467,amphibians,marginality
Mediterranean forests woodlands and scrub,high,4.7046271680378836e-4,0.00192042341523006,-0.0438742151882211,0.05027847204468207,0.6146888746837226,0.6760219235264506,0.07950006390169817,0.9842224715829956,0.01020408163265306,-0.0013219258883312227,-0.0025847841157884003,-0.00313356454236923,0.006503763421335823,0.4008624208468032,0.4037560810749967,NA,0.6749036475368688,amphibians,marginality
