term,Estimate,Std. Error,t value,p_value,adj.r.squared,lambda,lam_low,lam_up,class,ext,biome
Beta,-0.01836855885759492,0.02579138427959104,-0.7121974787576691,0.4764584322273242,-3.4375463379016205e-4,0.3544186195049622,0.2209370285387917,0.49153629162684903,group,low,w.specialization
Beta,-0.01482979135852332,0.02841844858169619,-0.521836767967514,0.6018646331994009,-5.077097915639387e-4,0.3551797731504933,0.22169715773809123,0.4922160678360979,group,int,w.specialization
Beta,-0.01157506712884525,0.03220876111375095,-0.3593763537804467,0.7193665096503206,-6.076553781041875e-4,0.35572503531919625,0.22226772289234736,0.4926864851110722,group,high,w.specialization
Beta,-0.03570057539636438,0.02486886965337518,-1.4355527972908544,0.1513478677492861,7.392103700844552e-4,0.3561269571810683,0.2262177233378866,0.490180537372221,group,low,w.specialization
Beta,-0.03876577935723018,0.02718460845543311,-1.4260194117117204,0.15408054082838807,7.20214085588989e-4,0.35652738525211236,0.2266026892208933,0.4905391746288228,group,int,w.specialization
Beta,-0.0441220844050345,0.03058595364470722,-1.442560363412754,0.14936288482766535,7.532539395699769e-4,0.3569232224843406,0.2269860165492864,0.49089215944337605,group,high,w.specialization
Beta,-0.02925837695280953,0.02490704092778473,-1.174703050339903,0.24030870129113335,2.6487212297077596e-4,0.3524717949294485,0.2276461500672234,0.4814529693766266,group,low,w.specialization
Beta,-0.02825835009845881,0.02751233302704162,-1.0271157328127694,0.30453931088781694,3.832958280222484e-5,0.35298530877891265,0.22819700488572903,0.4818913597463619,group,int,w.specialization
Beta,-0.02726296835082686,0.03131257830041756,-0.870671462734939,0.3840793932572122,-1.687392100843256e-4,0.3534498630646592,0.22871846579088323,0.4822707797953189,group,high,w.specialization
Beta,-0.03570057539636438,0.02486886965337518,-1.4355527972908544,0.1513478677492861,7.392103700844552e-4,0.3561269571810683,0.2262177233378866,0.490180537372221,group,low,w.specialization
Beta,-0.03876577935723018,0.02718460845543311,-1.4260194117117204,0.15408054082838807,7.20214085588989e-4,0.35652738525211236,0.2266026892208933,0.4905391746288228,group,int,w.specialization
Beta,-0.0441220844050345,0.03058595364470722,-1.442560363412754,0.14936288482766535,7.532539395699769e-4,0.3569232224843406,0.2269860165492864,0.49089215944337605,group,high,w.specialization
Beta,-0.05939905221090173,0.02497964895850467,-2.3778977963050396,0.01754216084343363,0.00323524394487664,0.3984876411505716,0.2644313862094988,0.5293406335647672,group,low,w.specialization
Beta,-0.0614481324125668,0.02737547557579315,-2.244641640742947,0.02494320091788782,0.00280828109329961,0.3992363603069152,0.26509067889264054,0.5300655015208687,group,int,w.specialization
Beta,-0.06479894714592901,0.03098056833612431,-2.091599690583191,0.03665001803947088,0.00234788399716691,0.39987755736368685,0.26565637553980137,0.5306855494199917,group,high,w.specialization
Beta,-0.04843351814045683,0.02479115488312538,-1.953661229934234,0.05093562736642054,0.00196043936612697,0.31775006628407,0.1944607127680478,0.4512670650429813,group,low,w.specialization
Beta,-0.05077965119945221,0.0273076917404963,-1.859536561420453,0.06315593364212546,0.00171106738592381,0.31889464762288944,0.19548656718729343,0.45233749357588093,group,int,w.specialization
Beta,-0.05447658482556752,0.03092870619395444,-1.76135996391003,0.07839073001568786,0.00146395475606987,0.31986827920912003,0.19633940860102927,0.4532590696519969,group,high,w.specialization
Beta,-0.05267400340727805,0.02499115739686585,-2.1077056404712136,0.03522976243871856,0.00239482501116973,0.3504125243075725,0.22600004037371335,0.4791283896231496,group,low,w.specialization
Beta,-0.05501100635054509,0.02730067941287874,-2.015005030409403,0.04409057316227782,0.00212951773082897,0.35114152981346175,0.2267045617177704,0.479810773637925,group,int,w.specialization
Beta,-0.06011331415479108,0.03069963921791249,-1.9581114204012016,0.05041072693360071,0.00197253123154165,0.35185138874289207,0.2274031370331715,0.4804646493691927,group,high,w.specialization
Beta,-0.06661881167869071,0.0244830635925486,-2.721016159879848,0.0065869159773868,0.00444592576682865,0.3619754601543501,0.23155705883976788,0.49407855989684113,group,low,w.specialization
Beta,-0.07002447218962951,0.02677594729906226,-2.615200553224942,0.00901110030291585,0.00405550399916189,0.36356496860508114,0.2329731592664308,0.4955788948361789,group,int,w.specialization
Beta,-0.07647549215523777,0.03010575289170953,-2.540228521449715,0.01118282371797985,0.00378807911530387,0.36499411829463535,0.23425859205356497,0.4968992571962571,group,high,w.specialization
Beta,-0.02759015622243271,0.02541098266852738,-1.0857571539964226,0.27776905934640217,1.24718472269815e-4,0.3546492252116986,0.22771900456384583,0.4851996667996232,group,low,w.specialization
Beta,-0.02832355191752218,0.02780781426962855,-1.0185465007387118,0.30859024160997395,2.6105995004732166e-5,0.35516386997803967,0.22825712280358143,0.4856371159579148,group,int,w.specialization
Beta,-0.02935273188903807,0.03132824732649329,-0.936941399342676,0.3489465768812252,-8.518216068244433e-5,0.35572567877978806,0.22884615849904855,0.48611418327016065,group,high,w.specialization
Beta,-0.04033309921054331,0.02646553504947975,-1.523985785102658,0.12773290826046124,9.214184568912928e-4,0.40545356232810825,0.2675585777510369,0.5382831975482006,group,low,w.specialization
Beta,-0.04356046779477045,0.02897349920449728,-1.5034589880675844,0.13294106741145773,8.781604637882743e-4,0.4060203764946233,0.2681159024355387,0.5387769627479602,group,int,w.specialization
Beta,-0.049355313912959053,0.03272148880674952,-1.5083456075133856,0.1316865249480701,8.88405620606531e-4,0.4064695991878577,0.26856679032685055,0.5391633410326631,group,high,w.specialization
Beta,-0.04417811197269993,0.02469894035391184,-1.7886642641210706,0.0738800756390523,0.0015313472296984,0.3154454813895951,0.1972606193081439,0.4401564412161226,group,low,w.specialization
Beta,-0.04668642304716966,0.02710977866144599,-1.7221248328952417,0.08526269166897937,0.00136891425818032,0.31553346310296704,0.19723298594474503,0.44034914093442173,group,int,w.specialization
Beta,-0.05180037225695666,0.03062668902606305,-1.6913474457808673,0.0909878985301491,0.00129584731940308,0.315652082517968,0.1972504138391302,0.4405524537243219,group,high,w.specialization
Beta,-0.07738017594085825,0.02490407361741987,-3.1071292644562556,0.00192624690519904,0.00599884016038476,0.4160586757118218,0.2805037208250108,0.546380880102761,group,low,w.specialization
Beta,-0.08048780533923472,0.02725814241431521,-2.95279862126499,0.00320036008055124,0.00535403888849454,0.4174966517949619,0.2818546118094652,0.5477042950858912,group,int,w.specialization
Beta,-0.08485030674964672,0.03078052212114695,-2.7566233742134125,0.00591422691447474,0.00458071437892346,0.41897085523473626,0.2832415219476425,0.549071573945931,group,high,w.specialization
Beta,-0.02625404966080611,0.02469737213410074,-1.0630300875029532,0.2879474103924675,9.06702767174874e-5,0.3789637163669643,0.24451746033574984,0.5137947560767158,group,low,w.specialization
Beta,-0.02689353756341661,0.02692685683064091,-0.9987626009439624,0.3180783246309482,-1.7247358563476088e-6,0.3794575481355956,0.2450101642386789,0.5142169831051153,group,int,w.specialization
Beta,-0.02774616495064661,0.03018525221947586,-0.9191960613383402,0.3581477259006225,-1.081557694987894e-4,0.3799709149077841,0.2455308812628115,0.5146519681140824,group,high,w.specialization
Beta,-0.05929257714087918,0.02418714707620125,-2.4514084672358747,0.01434854025565268,0.00348114714271016,0.3091259396033291,0.18680730108552865,0.44247967727112775,group,low,w.specialization
Beta,-0.06490985249567041,0.02663537827917915,-2.436978811238073,0.01493155100709109,0.00343229712120528,0.3099789349324114,0.1875899437212323,0.4432577141108806,group,int,w.specialization
Beta,-0.07225605021564455,0.03021000081569986,-2.391792395387614,0.01689458753884309,0.00328115871150971,0.31104208312476656,0.18855327899692537,0.4442355584412323,group,high,w.specialization
Beta,-0.05941015784220859,0.02438010149684976,-2.4368297994938697,0.01493767905191978,0.00343179413780313,0.3667136052755688,0.23716708140252396,0.4981609517423531,group,low,w.specialization
Beta,-0.06031426845234707,0.02669326055013236,-2.2595317023587804,0.02399999521139317,0.00285478607864711,0.3680617375371769,0.2382881461173588,0.49952492880111565,group,int,w.specialization
Beta,-0.06338973135293571,0.030079017781378,-2.1074402034557274,0.03525278253369901,0.00239404850901257,0.3692387806465583,0.23930462643312944,0.5006767629996052,group,high,w.specialization
Beta,-0.03250954447963238,0.02522011365487398,-1.289032433577065,0.19759485191870585,4.6115726013876845e-4,0.3968385353133314,0.2633592488250124,0.5281191882680198,group,low,w.specialization
Beta,-0.03164789503705641,0.02755977681841023,-1.1483364051016285,0.2510213686371463,2.2217970420817723e-4,0.3976998464678143,0.2641804239458594,0.5289282345745667,group,int,w.specialization
Beta,-0.03210239099843653,0.03098324022960311,-1.036121166170481,0.3003204274714415,5.128542475164953e-5,0.39835646615044584,0.2648336974321107,0.5295293291417088,group,high,w.specialization
Beta,-0.04688169768390133,0.02463326908674946,-1.903186195823256,0.05721647212268577,0.00182519652431626,0.35108770301913816,0.21897014543287216,0.4881083538978478,group,low,w.specialization
Beta,-0.04976331156372703,0.02691058769756775,-1.849209393826236,0.06463340889682967,0.0016844489059345,0.35193359281640013,0.21972355308540864,0.4889213886534351,group,int,w.specialization
Beta,-0.05483038773795336,0.03023639738071165,-1.8133902345433075,0.06998077153910232,0.00159326230581567,0.3528183715007685,0.22051641803227903,0.4897741129341655,group,high,w.specialization
Beta,-0.00132273549662846,0.02528043532889442,-0.05232249680117801,0.9582790205238644,-6.959249484528553e-4,0.37870157598553666,0.24171360310277615,0.5153092207114313,group,low,w.specialization
Beta,0.0032182370003942,0.02774682654290373,0.11598576851367062,0.9076800718413592,-6.884424564512953e-4,0.37951929944840135,0.2424802535277885,0.5160568430472836,group,int,w.specialization
Beta,0.00881997628340322,0.03141724667548568,0.2807367677539132,0.7789528309409568,-6.42802655923403e-4,0.38020090253864447,0.2431307703976097,0.5166683794696408,group,high,w.specialization
Beta,-0.04703748798026111,0.02681473026528072,-1.7541659943961654,0.07961580569313176,0.00144636965404354,0.3871157317321793,0.2514002908074088,0.5199836180177271,group,low,w.specialization
Beta,-0.05204730456174315,0.02928964565305712,-1.7769864879301018,0.07578254565437592,0.00150239838345347,0.387385017647373,0.25164965255356897,0.5202229909129108,group,int,w.specialization
Beta,-0.06057300500263452,0.03308155000847445,-1.8310207649616668,0.067304985731095,0.00163792440731492,0.3875229790917959,0.2517799080757386,0.5203353231278579,group,high,w.specialization
Beta,-0.04772864508073163,0.02524407463896871,-1.8906870528363111,0.05886771467895002,0.00179224758461011,0.3461092322198173,0.21454792449724977,0.482275414850655,group,low,w.specialization
Beta,-0.04547146289885186,0.02775567434512614,-1.6382762794173142,0.10158360268940836,0.00117292470162401,0.3477731253672061,0.2161011231082556,0.483830088334618,group,int,w.specialization
Beta,-0.0434082305443584,0.03137528607245721,-1.3835166456845251,0.1667219862213161,6.37054369471797e-4,0.3491595786789906,0.2174071203019325,0.4851181950474503,group,high,w.specialization
Beta,-0.02635659536159602,0.02497237044524913,-1.0554302571869074,0.29140649607717384,7.944489287993363e-5,0.3436675969972507,0.21976979597649732,0.4725299467685485,group,low,w.specialization
Beta,-0.02391071061572311,0.02728392723185055,-0.8763661628524786,0.3809778878101491,-1.617990816860382e-4,0.34527591262282575,0.2212827045621687,0.4740236090902928,group,int,w.specialization
Beta,-0.02201960994079259,0.03078453577564046,-0.7152815329512463,0.4745516168117425,-3.406825024596996e-4,0.3467265703233537,0.22268576666233852,0.47533834775655287,group,high,w.specialization
Beta,-0.08144264081350173,0.02504115121760243,-3.2523521025763555,0.00117117736788729,0.00663476138080063,0.36107536531577183,0.23368353442616904,0.4905192718789822,group,low,w.specialization
Beta,-0.08677664179498179,0.0275400160139359,-3.150929242418405,0.00166118890719624,0.00618766348254942,0.36194748750504,0.2344245893856367,0.4913899577937996,group,int,w.specialization
Beta,-0.09529011792365376,0.03116901340669176,-3.057206741846877,0.00227544029419801,0.00578675996842999,0.3627760943075561,0.2351180582916947,0.492230956431458,group,high,w.specialization
Beta,-0.0631121925292688,0.02435950682594457,-2.5908649538852697,0.00967068298372986,0.00396786225516724,0.3371250753658906,0.2106634839570935,0.46867437738208584,group,low,w.specialization
Beta,-0.06548709641273227,0.02687239752921919,-2.4369651551011073,0.01493211251763604,0.00343225102418176,0.3377475082446368,0.21117822542705864,0.46932386246974994,group,int,w.specialization
Beta,-0.06835071163082926,0.03045692865282227,-2.244176108824275,0.02497320073582565,0.00280683202037032,0.33828009730899805,0.21159449946889072,0.46990778344991285,group,high,w.specialization
Beta,-0.04534377130007694,0.02444270081954166,-1.8551047871037685,0.06378651488128373,0.00169962641547876,0.3981922943009717,0.2635861255714591,0.5289489476258038,group,low,w.specialization
Beta,-0.04434322609116444,0.02674313681948912,-1.658116113695728,0.09751289209117986,0.00121842231560716,0.3995560635317673,0.2649257429248031,0.5301782904868008,group,int,w.specialization
Beta,-0.04314064471595813,0.03014712768106746,-1.4310034830631864,0.15264724843156685,7.3012967912097e-4,0.40089665113778944,0.2662488540638424,0.5313903791815352,group,high,w.specialization
Beta,-0.09155933047539286,0.02469785611132038,-3.707177257115292,2.1757028317659355e-4,0.00880817241074664,0.3746023084905256,0.24198370514744916,0.5085329739861015,group,low,w.specialization
Beta,-0.0981076053952442,0.0270485159640734,-3.627097528217573,2.9667846259817665e-4,0.00840562003939918,0.37584174711589535,0.24301640079929376,0.5097917855033699,group,int,w.specialization
Beta,-0.10946584219663284,0.0305510501642877,-3.583046789160514,3.5098203742967016e-4,0.00818779313923459,0.377041506850821,0.24404960057137087,0.5109812528238044,group,high,w.specialization
Beta,-0.02233054561501724,0.02563893589864407,-0.8709622623690169,0.3839206412254956,-1.683859065902194e-4,0.40167689560110825,0.2617284628922626,0.5391722462334692,group,low,w.specialization
Beta,-0.02056661703053262,0.0280924423051882,-0.7321049842196993,0.4642242063394275,-3.2369071951902185e-4,0.4021062266404714,0.26213015947147206,0.5395617776806142,group,int,w.specialization
Beta,-0.01810910178698285,0.03164929105840979,-0.5721803295233984,0.5672895599870398,-4.692645065193618e-4,0.40245190525506663,0.2624440135491183,0.5398874964914996,group,high,w.specialization
Beta,-0.04640967778881147,0.02393051822780606,-1.9393511392864764,0.05265465617989262,0.0019217411123004,0.3633047067119572,0.2266457444756192,0.5025803206535736,group,low,w.specialization
Beta,-0.04734747640162806,0.02600712873516678,-1.8205576203268037,0.06888261717448585,0.00161136726089452,0.3644727801956358,0.22764021869992004,0.5037119688398796,group,int,w.specialization
Beta,-0.04993639130305125,0.0290531263369897,-1.7187957923644692,0.08586753977167105,0.00136094792966653,0.3655466420483928,0.22853212668307257,0.5047701358189972,group,high,w.specialization
Beta,-0.07190592543360814,0.02496084752771015,-2.8807485544624294,0.00402635764435554,0.00506398303979459,0.3551634839113499,0.22768390179513795,0.486282286208859,group,low,w.specialization
Beta,-0.07642549567916715,0.02736066242095272,-2.7932618919577297,0.00528735901827026,0.00472119730821249,0.3561248781967626,0.22848726973099995,0.4872548293548396,group,int,w.specialization
Beta,-0.08244600149707786,0.03089519367937272,-2.6685704693323613,0.00770342906546694,0.0042505228443761,0.3572777425435531,0.22941177503579505,0.4884599978406238,group,high,w.specialization
Beta,-0.07342390009586672,0.02523198737784528,-2.909953108185838,0.00367063834312419,0.00518071021182859,0.32255843989881394,0.20183409514736445,0.4512289083062569,group,low,w.specialization
Beta,-0.07757496839717182,0.02777258718984053,-2.7932208067943143,0.00528802696248442,0.00472103875906526,0.32395912905288776,0.20317099843624944,0.452548070820626,group,int,w.specialization
Beta,-0.08430902138263162,0.03144749114449942,-2.680945866086312,0.00742566193509297,0.00429629535224434,0.3255516950957709,0.20470916783273932,0.4540258201040067,group,high,w.specialization
Beta,-0.01846254889732515,0.02491761214134595,-0.7409437466397565,0.4588489429029032,-3.146054756824203e-4,0.3105557934894691,0.18552883484532068,0.4454178698808715,group,low,w.specialization
Beta,-0.01474029692752345,0.0272335049904993,-0.5412559614587166,0.5884153012980051,-4.932990008998757e-4,0.3112998822303455,0.18615908134318085,0.4461357258932558,group,int,w.specialization
Beta,-0.01140454488451239,0.03065467350018565,-0.37203282835301854,0.7099234140796211,-6.011921595019552e-4,0.31186438900119606,0.18664807594581231,0.4466700751284852,group,high,w.specialization
Beta,-0.0549431919386838,0.02454388009072152,-2.238569930084295,0.02533693751851462,0.00278940480080908,0.34366054059661044,0.21688650011391084,0.47565475744928426,group,low,w.specialization
Beta,-0.05756439024490175,0.02705667374831544,-2.1275486698909445,0.03354485561260567,0.00245314672994197,0.34481864884222657,0.21788060643267132,0.47679509454242697,group,int,w.specialization
Beta,-0.0621849141253863,0.03057762447963514,-2.0336738116069735,0.04216840652866982,0.00218199915997051,0.3457885549846503,0.21871666196059128,0.47774684533131856,group,high,w.specialization
Beta,-0.02491377021991943,0.02555992243418455,-0.9747201026947978,0.3298636255012437,-3.4813430483985136e-5,0.4117622957415719,0.2701695213852351,0.5484755230104431,group,low,w.specialization
Beta,-0.02518548754978506,0.02802619947593954,-0.8986408439505605,0.36899496319449865,-1.3421929105140545e-4,0.41266236230066694,0.2711288048780345,0.5492022597226373,group,int,w.specialization
Beta,-0.0267164091553974,0.03161813216607216,-0.8449711391890964,0.3982680040326869,-1.99498490411771e-4,0.41339391193576885,0.27193117927243154,0.5497734680260016,group,high,w.specialization
Beta,-0.02745177213187758,0.02531072606865652,-1.08459046403542,0.2782855153512933,1.2295313358256444e-4,0.3170089357107206,0.18639183120703268,0.4548453308094395,group,low,w.specialization
Beta,-0.02430668665133679,0.02765163616725659,-0.8790324921213635,0.3795310308892992,-1.5853410940990233e-4,0.3181260064413064,0.18736696427305777,0.4558879226978473,group,int,w.specialization
Beta,-0.0208502705553621,0.03109770228488822,-0.6704762417606075,0.502662284448782,-3.840118500810105e-4,0.31899885913887405,0.18813279909897151,0.45669674458891346,group,high,w.specialization
Beta,-0.03374153020746867,0.02522215811060262,-1.3377733205662827,0.18118260306861256,5.503506831987139e-4,0.373041815005746,0.23809753870812136,0.5076894932835359,group,low,w.specialization
Beta,-0.03605954340498631,0.02768051623311126,-1.3027048737570908,0.19288484280150087,4.858447244810328e-4,0.3732927857883101,0.23828396111753344,0.5079578639028242,group,int,w.specialization
Beta,-0.04041800369426258,0.03123792002642721,-1.2938762779362083,0.19591665546507508,4.698738307000816e-4,0.3735839401051536,0.2385294834845084,0.508242786236185,group,high,w.specialization
Beta,-0.07200449517274296,0.02455567014356892,-2.932296074664482,0.00341807660012127,0.00527078864606452,0.328311051989418,0.19912753637169744,0.4654253118939554,group,low,w.specialization
Beta,-0.07674668553046401,0.02681688064145782,-2.861879670367653,0.00427255470263565,0.00498917802321021,0.3293278759544536,0.20007157226339609,0.46637932072061233,group,int,w.specialization
Beta,-0.08490974030047954,0.03010492107451987,-2.820460485191082,0.00486155558529777,0.00482665826574791,0.33034452038078793,0.201037210650758,0.46730678795371655,group,high,w.specialization
Beta,-0.04349837305886463,0.02490357253313432,-1.7466720086441343,0.0809084940008018,0.00142812706601941,0.3311198119700642,0.2081729696041387,0.460692791940008,group,low,w.specialization
Beta,-0.04588388506784486,0.02740453783998213,-1.6743170541961157,0.09428651704937564,0.00125597813485043,0.33171505573245147,0.20870792104911895,0.46127223867077866,group,int,w.specialization
Beta,-0.04960813685863906,0.03103655585591437,-1.5983776385802055,0.11017941260881692,0.00108307329230301,0.332396689436746,0.2093303721165092,0.4619255011580218,group,high,w.specialization
Beta,-0.05594042464547637,0.02462222433665322,-2.2719484592706816,0.02323728935713132,0.00289379814346809,0.35403444323538535,0.2254959225336826,0.4856867970533627,group,low,w.specialization
Beta,-0.05573149827643862,0.02705567447659387,-2.0598820526412114,0.03959006760165762,0.00225648259437773,0.35607831444655585,0.2273911961182718,0.48761027512919314,group,int,w.specialization
Beta,-0.05627095873413427,0.03064866038075107,-1.836000596276479,0.06656464970844689,0.00165061697679801,0.35827342082678765,0.2294784570858079,0.489634640293325,group,high,w.specialization
Beta,-0.05960528064783275,0.02476665862414089,-2.406674293549373,0.01622438549579685,0.00333062797466753,0.36430429824916216,0.2260543451999643,0.5021409596623153,group,low,w.specialization
Beta,-0.05974080949100684,0.02712244952296659,-2.202633262914541,0.02777933942385302,0.00267871406817715,0.36625294972810574,0.2279047358807194,0.5039255428315921,group,int,w.specialization
Beta,-0.06165119025449919,0.03058844065096616,-2.0155061501166087,0.04403802612543739,0.0021309202222156,0.36815383056487144,0.2297384949003992,0.5056491789911048,group,high,w.specialization
Beta,-0.0444949427933102,0.02489627221428958,-1.787213057855773,0.07411434895620328,0.00152773950788022,0.3562505017475024,0.22133827833582104,0.49489824249728487,group,low,w.specialization
Beta,-0.04819311317985117,0.0271625374237505,-1.774249306241613,0.07623421133136943,0.00149564018445732,0.35693595527467525,0.2219901654558134,0.4955070834986825,group,int,w.specialization
Beta,-0.05520949424051133,0.03056723436092914,-1.8061658306608133,0.07110217697822896,0.00157508493414952,0.3573949873845134,0.22241690695206193,0.4959228636218028,group,high,w.specialization
Beta,-0.0125515771185219,0.02521040174128335,-0.4978729513051767,0.6186499858819323,-5.247679317558087e-4,0.33406632665353375,0.21007439721270788,0.4640841920603419,group,low,w.specialization
Beta,-0.01312606393538919,0.02778228571642306,-0.4724616278649067,0.6366692675472745,-5.419811787613519e-4,0.3341572299007687,0.21012260474219668,0.4641995936585012,group,int,w.specialization
Beta,-0.0152109870822429,0.03146925658505804,-0.4833602294076832,0.6289138251822499,-5.34708974716974e-4,0.33423652203831583,0.210172231188833,0.4642946238883686,group,high,w.specialization
Beta,-0.03912858876987574,0.02544875458574953,-1.537544347721694,0.1243808255790988,9.503112664846756e-4,0.3433111317819788,0.21014767084187871,0.48194065710062906,group,low,w.specialization
Beta,-0.0405603440812325,0.02810944254879578,-1.4429437371738316,0.14925486581548042,7.540242044212406e-4,0.3444457720270919,0.2112747931610056,0.4829445763572772,group,int,w.specialization
Beta,-0.04292160757461839,0.03193449233803385,-1.3440516642720803,0.17914442741359315,5.620792004734343e-4,0.34571400823301013,0.21256640474366,0.48404176541011745,group,high,w.specialization
Beta,-0.02471955426902645,0.02650189985127139,-0.9327464977134674,0.3511079975770435,-9.065254838238866e-5,0.4018714908378691,0.2649191410215641,0.5366915989786615,group,low,w.specialization
Beta,-0.02375421977685135,0.02912658162483151,-0.8155512405410451,0.41489237717232275,-2.335804704231977e-4,0.4033151611762056,0.2664562935637537,0.5378684115282716,group,int,w.specialization
Beta,-0.02370835386511263,0.0329953406177384,-0.7185364182107261,0.472543738628282,-3.3742582315240483e-4,0.4046278511364957,0.26790188179654845,0.5388944503919177,group,high,w.specialization
Beta,-0.01836855885759492,0.02579138427959104,-0.7121974787576691,0.4764584322273242,-3.4375463379016205e-4,0.3544186195049622,0.2209370285387917,0.49153629162684903,group,low,w.specialization
Beta,-0.01482979135852332,0.02841844858169619,-0.521836767967514,0.6018646331994009,-5.077097915639387e-4,0.3551797731504933,0.22169715773809123,0.4922160678360979,group,int,w.specialization
Beta,-0.01157506712884525,0.03220876111375095,-0.3593763537804467,0.7193665096503206,-6.076553781041875e-4,0.35572503531919625,0.22226772289234736,0.4926864851110722,group,high,w.specialization
Beta,-0.01602949716548489,0.0249882092590268,-0.6414824287456433,0.5213118798014429,-4.1055921047909207e-4,0.399051056467038,0.25860319600647436,0.534960215814475,group,low,w.specialization
Beta,-0.01370341201070936,0.02756059146437559,-0.4972103747636253,0.6191169818994964,-5.252281907058664e-4,0.39954738471129225,0.25912937155776045,0.5353770139471542,group,int,w.specialization
Beta,-0.01219972050377805,0.03130583076382765,-0.38969483339423894,0.6968201255861746,-5.917990683877994e-4,0.39984910715878874,0.2594530318486745,0.5356310440412,group,high,w.specialization
Beta,-0.00152927331172827,0.02526921364398051,-0.06051922838891246,0.9517505406967572,-6.952790484878046e-4,0.4240660979430152,0.2867812827616767,0.556337060074191,group,low,w.specialization
Beta,-0.00248643800950072,0.02780104514337748,-0.08943685378292396,0.9287472335825852,-6.922508806049623e-4,0.42390532961729865,0.28673373016146675,0.5561188034568646,group,int,w.specialization
Beta,-0.00580896485831738,0.03141369202396499,-0.1849182469187582,0.853319325709097,-6.739582666560723e-4,0.423375563734603,0.2863375357770661,0.5555645466686343,group,high,w.specialization
Beta,-0.01627357822435136,0.02524001350878097,-0.6447531503376495,0.5191903660691992,-4.076231147947101e-4,0.39125229024668673,0.25306907413949875,0.528789779125811,group,low,w.specialization
Beta,-0.01457109259942415,0.02772129857995432,-0.5256280674369537,0.5992279752527203,-5.049376330068899e-4,0.3918050969372911,0.2536470916376238,0.5292701539431668,group,int,w.specialization
Beta,-0.01359277794231631,0.03127251881896138,-0.43465568031170687,0.6638778158593217,-5.659229045846302e-4,0.3921881915378157,0.2540580224558204,0.529596442291696,group,high,w.specialization
Beta,-0.05961374135990596,0.02490601670445636,-2.3935477947880544,0.01681428827754505,0.00328697816782078,0.33010675941320483,0.2044849814299169,0.46311697001183927,group,low,w.specialization
Beta,-0.06273617276658813,0.02744172587190231,-2.286159881468094,0.02239027899049217,0.00293870744578938,0.33126678430819184,0.2055743030366951,0.4641907254314844,group,int,w.specialization
Beta,-0.06786496062284984,0.03111453863978209,-2.1811334376039824,0.02933565307220487,0.00261333603388392,0.33235840190350624,0.20661498291810876,0.4651893884574947,group,high,w.specialization
Beta,-0.01621087870156956,0.02519374731290783,-0.643448491414536,0.52003608191596,-4.087960828374366e-4,0.36317166176338406,0.23356152601487587,0.49848145407036215,group,low,w.specialization
Beta,-0.01414019865317393,0.02760999295164982,-0.5121406107540853,0.6086315226560672,-5.147082993750415e-4,0.3640322755801418,0.2344157887499193,0.4992456239964262,group,int,w.specialization
Beta,-0.01254554467536649,0.03110020590246299,-0.403391048750997,0.6867207515901732,-5.842153494285936e-4,0.36469009248892353,0.23508209137844585,0.4998200197036826,group,high,w.specialization
Beta,-0.04099670108541372,0.02557940895582845,-1.6027227664332848,0.1092162561176957,0.00109275177418847,0.3510794702652062,0.21873418331507757,0.48900291202966106,group,low,w.specialization
Beta,-0.03919370773921178,0.0280862127567712,-1.395478560197217,0.16308777428560317,6.602056898438158e-4,0.3515494696094209,0.2191173673733796,0.4895236836364486,group,int,w.specialization
Beta,-0.03955047969178158,0.03168628231458463,-1.2481893362913452,0.21216562923716964,3.88953690493313e-4,0.3519057850119567,0.2194275079064861,0.48989546248819,group,high,w.specialization
Beta,-0.03955014619998899,0.024719934764604,-1.599929230259138,0.10983471307019332,0.00108652636455049,0.34386966315957784,0.21903288301271548,0.47305743222427377,group,low,w.specialization
Beta,-0.04363964854020889,0.0270346814604786,-1.6142098291043196,0.10670207578347846,0.00111846407558765,0.34434973784950207,0.2194915903921568,0.4734883364343267,group,int,w.specialization
Beta,-0.05159310198369497,0.03045777269796445,-1.693922352606664,0.09049734798115194,0.00130191016807997,0.3446089847853673,0.2197407426487007,0.4737111685649816,group,high,w.specialization
Beta,-0.05280214614701078,0.02493585034775895,-2.117519371131301,0.03438763352606577,0.00242360162468893,0.3740659516082442,0.24012519836381385,0.5099631672542251,group,low,w.specialization
Beta,-0.05727531889481121,0.02734019697767302,-2.0949124449097525,0.03635396853822748,0.00235751001138166,0.3744775691653029,0.24043817203042875,0.5103873840858568,group,int,w.specialization
Beta,-0.06398616272606761,0.03092743348619546,-2.0689127907955247,0.03873323394346673,0.00228236615180041,0.3751253161536218,0.24097846525790337,0.5110279943709649,group,high,w.specialization
Beta,-0.051065727830035,0.02516946688418071,-2.0288760212927026,0.04265549015335601,0.00216846599511033,0.3331354386100847,0.20949697789287464,0.46226571016926626,group,low,w.specialization
Beta,-0.05464292590148594,0.02763646763389702,-1.9772036942400204,0.04821000681436294,0.00202471678537315,0.33446019156286133,0.21085467007278663,0.46341283794950744,group,int,w.specialization
Beta,-0.06233544489995759,0.03126027066581126,-1.9940788602362496,0.04633265964495914,0.0020712592102215,0.3356108582877947,0.2120677085865849,0.4643783691654306,group,high,w.specialization
Beta,-0.03912858876987574,0.02544875458574953,-1.537544347721694,0.1243808255790988,9.503112664846756e-4,0.3433111317819788,0.21014767084187871,0.48194065710062906,group,low,w.specialization
Beta,-0.0405603440812325,0.02810944254879578,-1.4429437371738316,0.14925486581548042,7.540242044212406e-4,0.3444457720270919,0.2112747931610056,0.4829445763572772,group,int,w.specialization
Beta,-0.04292160757461839,0.03193449233803385,-1.3440516642720803,0.17914442741359315,5.620792004734343e-4,0.34571400823301013,0.21256640474366,0.48404176541011745,group,high,w.specialization
Beta,-0.05845613287096896,0.02443249086954671,-2.3925572379454025,0.0168595591348537,0.00328369378197258,0.30767802649268344,0.184153213724449,0.4401055069761735,group,low,w.specialization
Beta,-0.0604479340777732,0.02666442549276846,-2.2669880547085857,0.02353942043330681,0.00287818782765686,0.30911575758427395,0.18544182543018536,0.4414798147630823,group,int,w.specialization
Beta,-0.06418489073807226,0.02997077566475286,-2.1415825688341097,0.0323952939033898,0.00249472028899075,0.31059058366023684,0.18679317970688017,0.4428665083571558,group,high,w.specialization
Beta,-0.05767048443239028,0.02507548930859518,-2.299874739139086,0.02159847149725324,0.00298230922421008,0.379496936450556,0.2481680978834784,0.5096916981049922,group,low,w.specialization
Beta,-0.05912504569927399,0.02758634132877163,-2.143272462071965,0.03225917536259315,0.00249974457632738,0.38042314839619473,0.2489235564139404,0.510651590042351,group,int,w.specialization
Beta,-0.06142787925496695,0.03130498186938257,-1.962239732681196,0.04992785661034782,0.00198377284004351,0.38136774862817047,0.2496992803159781,0.5116275276751022,group,high,w.specialization
Beta,-0.07998997334803772,0.02480309579566706,-3.2249995729166776,0.00128813764077317,0.00651282956404145,0.3234919160234727,0.200223877307583,0.45556721708464654,group,low,w.specialization
Beta,-0.0837436364393338,0.02714215068758352,-3.0853721727233374,0.00207188741347286,0.00590600079760733,0.3260344073597696,0.2023855649820289,0.4580978920227877,group,int,w.specialization
Beta,-0.090941167182994,0.03049043387048279,-2.982613090036492,0.0029062823342032,0.00547610989263721,0.3284886309359427,0.2045107087119916,0.4604966470845256,group,high,w.specialization
Beta,-0.04970602132721458,0.0242557673514695,-2.049245468385613,0.04061986745341484,0.00222613993168809,0.33845676141851516,0.2139449275760627,0.47019031271096967,group,low,w.specialization
Beta,-0.05368215995844781,0.02658600511959265,-2.01918865647425,0.04365350238049248,0.00214123708571472,0.33960407364458783,0.21497979672840067,0.4712807353161401,group,int,w.specialization
Beta,-0.06019134252450239,0.03000632059775163,-2.0059554562318618,0.04504866029804955,0.00210424988912991,0.3408929933498107,0.21610350860907684,0.4725454952720628,group,high,w.specialization
Beta,-0.08281535775978566,0.02472856489935825,-3.3489754903623568,8.321674714841798e-4,0.00707348443992738,0.3092560197872145,0.18768927834145577,0.43965948674870514,group,low,w.specialization
Beta,-0.08779018153886595,0.02712066189959293,-3.237022085371141,0.00123545938424851,0.00656630023638709,0.3114529612719974,0.1896236556332995,0.44181060265377103,group,int,w.specialization
Beta,-0.09627681607916966,0.03058467722320906,-3.147877460878036,0.00167850754979648,0.00617442381365745,0.3138982427195137,0.19181057542107396,0.4441695721938804,group,high,w.specialization
Beta,-0.09414497647687856,0.02508889125617055,-3.7524566357121825,1.8210076927172025e-4,0.00903952952765986,0.3298216337934466,0.20706925887840472,0.4613071408631721,group,low,w.specialization
Beta,-0.10038491810942686,0.02727279059513476,-3.6807717845835217,2.411535804847098e-4,0.00867449972497233,0.3309946627003208,0.20804922734296985,0.46251189255012853,group,int,w.specialization
Beta,-0.11034401310360074,0.03058444681139418,-3.607847275579701,3.193609596983116e-4,0.00831011364599374,0.33228575618781864,0.2091708830528029,0.4637983160254928,group,high,w.specialization
Beta,-0.08652254489851027,0.02530395112095019,-3.419329435349512,6.453765382667953e-4,0.00740075750787223,0.37998803919318386,0.24562010977976545,0.5147170144117232,group,low,w.specialization
Beta,-0.09465716946538204,0.02775869673721975,-3.4100004896289917,6.676750481025007e-4,0.00735698226740899,0.3812237671669529,0.2468573491000967,0.5157581599076763,group,int,w.specialization
Beta,-0.10601194983048697,0.03133695201295258,-3.382969402597571,7.364007215120427e-4,0.00723079502827536,0.3825916285420702,0.2482256149045193,0.5169247895308123,group,high,w.specialization
Beta,-0.03719945184453197,0.02506743282579071,-1.4839753277910128,0.13803537657325116,8.376400119209918e-4,0.3927918518820869,0.25686374778610854,0.5256632419917674,group,low,w.specialization
Beta,-0.0355899302880757,0.02753782627330072,-1.2924015837292826,0.1964264666163713,4.6721665093173506e-4,0.394658572047021,0.25878943794891435,0.5272690430464456,group,int,w.specialization
Beta,-0.03483606824845066,0.03109911686442472,-1.1201626207045372,0.2628321706733632,1.7762834272101017e-4,0.3963035293826528,0.26051663629200417,0.528662249236165,group,high,w.specialization
Beta,-0.03283932751924304,0.02541924927876255,-1.2919078435050353,0.1965973729327131,4.663276783974941e-4,0.4118491241595564,0.269722402632023,0.5502467436140923,group,low,w.specialization
Beta,-0.03248909865995311,0.02778287310447229,-1.169393047932226,0.2424397805082892,2.561966202181134e-4,0.4127441292151453,0.2706500655319101,0.5510046566092163,group,int,w.specialization
Beta,-0.03305975761662233,0.03131564807509406,-1.055694505741856,0.2912857552614265,7.983385579208712e-5,0.4135343290418245,0.27146230743089766,0.5516791424230788,group,high,w.specialization
Beta,-0.0870514939795093,0.02507907373759138,-3.471080905553005,5.337635508102512e-4,0.0076456972877973,0.37870324521620624,0.24374923139809085,0.5141040319975408,group,low,w.specialization
Beta,-0.09428657753127263,0.02742587744689392,-3.437869133406739,6.031055448985079e-4,0.00748809684564653,0.3796750705908869,0.2446265913587059,0.5150340949755715,group,int,w.specialization
Beta,-0.10639441645014804,0.03088902324055795,-3.4444085726365694,5.888213228413264e-4,0.00751901271543764,0.38061965652132784,0.24553885469895928,0.5159001403438578,group,high,w.specialization
Beta,-0.04055606248176827,0.02430653504510028,-1.668525045076039,0.09542999876921464,0.00124250991519585,0.3108145159433979,0.1889135821391593,0.4427448969004509,group,low,w.specialization
Beta,-0.03950885152381082,0.02675695466511259,-1.4765825191356683,0.14000729051047278,8.224025505078665e-4,0.31199235951885307,0.18985725049959887,0.4439722204085606,group,int,w.specialization
Beta,-0.03906368261973902,0.03030264722848585,-1.289117822782737,0.1975651771117466,4.613106375276825e-4,0.3130931893419187,0.1907662402818235,0.4450994204304908,group,high,w.specialization
Beta,-0.07849474881823251,0.02495464674471114,-3.1454962925840095,0.00169213582480898,0.00616410215926411,0.3330709080218151,0.20702273562722015,0.46632588021990834,group,low,w.specialization
Beta,-0.0830127456744176,0.02738676179746319,-3.031126727881607,0.00248011248324031,0.00567729781253244,0.3342489501439048,0.2078735631687706,0.46760679400034755,group,int,w.specialization
Beta,-0.09032673076015296,0.03105736672185026,-2.9083834302218543,0.00368900493507817,0.00517440715250246,0.3355461463672622,0.2088240450075554,0.46900233015444337,group,high,w.specialization
Beta,-0.05157740878810805,0.0250955517400454,-2.0552410770792133,0.04003663166101434,0.00224322433335576,0.3374037625712357,0.21040979846647048,0.4697480913091486,group,low,w.specialization
Beta,-0.052975082591738,0.02753894015117338,-1.923642750989487,0.05459728229035621,0.00187958563298163,0.33850632621812193,0.2114002506104359,0.4708440416108112,group,int,w.specialization
Beta,-0.05773080904308529,0.03111752664323746,-1.8552505700394892,0.0637656894556411,0.00170000233541046,0.33949112966724226,0.21229582593617588,0.4718125759849528,group,high,w.specialization
Beta,-0.01950537706166718,0.0251392096763759,-0.7758946010143266,0.43793925161565195,-2.776137063604854e-4,0.39655418526029734,0.2578824471977759,0.5332219489070107,group,low,w.specialization
Beta,-0.02131237999369352,0.02741802596889627,-0.7773127072631286,0.43710259961176656,-2.76076863457393e-4,0.39674180071539056,0.2580687873348521,0.5333812452516895,group,int,w.specialization
Beta,-0.02571286066176266,0.030816286187879,-0.8343919349981997,0.4041992317691778,-2.118929356938308e-4,0.3967327040104027,0.25808173417813585,0.5333538232303877,group,high,w.specialization
Beta,-0.02019570618426802,0.02517802067902276,-0.8021165143094118,0.4226185587738984,-2.48743236800063e-4,0.3445820267688436,0.218770290294499,0.4744395502983608,group,low,w.specialization
Beta,-0.02040498190236769,0.0276755675946139,-0.7372922644715267,0.4610653353674117,-3.1837198169931154e-4,0.34469113386036787,0.21882232711913108,0.474579127076699,group,int,w.specialization
Beta,-0.02127050902748795,0.03128239002350577,-0.6799515322040663,0.4966449771529091,-3.750819962723372e-4,0.3447872657051105,0.21886583513327248,0.47470147956403186,group,high,w.specialization
Beta,-0.03103728338061215,0.02537705923120955,-1.2230449201317015,0.2215138221069779,3.456537573849949e-4,0.3371918205654024,0.20739645464867432,0.4741305263513147,group,low,w.specialization
Beta,-0.02955323722246418,0.02775057116969793,-1.064959601794959,0.28707361704336964,9.353305929574523e-5,0.3379299511213882,0.2081225567559623,0.4747999566939482,group,int,w.specialization
Beta,-0.02744084226767848,0.03126329410153242,-0.8777335548378257,0.3802354631818128,-1.601259198255659e-4,0.3386653924256932,0.2088665321888753,0.4754565624026727,group,high,w.specialization
Beta,-0.05691377655368569,0.02430943415896903,-2.341221773468848,0.0193571976740372,0.00311531288738059,0.34262678443826017,0.2117079336996864,0.4796758705376454,group,low,w.specialization
Beta,-0.05731976364725939,0.02664981788215831,-2.1508501071459176,0.03165482260450303,0.00252232207087615,0.3445960187266895,0.2134080002215888,0.4815689866584361,group,int,w.specialization
Beta,-0.05921098322683992,0.03002583310463834,-1.972001343659407,0.04880150851831733,0.00201044737832849,0.34655209927394787,0.2151339739288085,0.48342221706515687,group,high,w.specialization
Beta,-0.06355920512636112,0.0246298436381153,-2.58057688307861,0.00996225007936701,0.0039310528168686,0.3177640330335642,0.1929594917868772,0.4511373234314826,group,low,w.specialization
Beta,-0.06432828517003908,0.0268354627743044,-2.397137165513499,0.01665113890588276,0.00329889063867521,0.31847910464521634,0.19344787688994428,0.4519673779874012,group,int,w.specialization
Beta,-0.0654507834137809,0.030055739921122,-2.1776467185818515,0.02959499687040168,0.00260279302749912,0.3191841483031225,0.19392930528322505,0.4527861975515915,group,high,w.specialization
Beta,-0.05229472179829907,0.02508040199811327,-2.0850830781034944,0.03723838879612051,0.00232899231132921,0.347567987955849,0.2202914944787258,0.47869293115032874,group,low,w.specialization
Beta,-0.05758186607105109,0.02742702525011173,-2.0994572158647244,0.03595113911602232,0.00237074043251833,0.3482236162680651,0.2209084193410064,0.4792878839583976,group,int,w.specialization
Beta,-0.06648679612877277,0.0308384657216199,-2.1559696493642653,0.0312520390217097,0.00253762020218954,0.34886507975518805,0.22151239344651943,0.47986676708781406,group,high,w.specialization
Beta,-0.06756956636439676,0.02492728720865505,-2.710666660146468,0.00679496010197056,0.00440707037742882,0.34266436467422706,0.21710216917111155,0.4753496442721289,group,low,w.specialization
Beta,-0.07211860161663541,0.02722763631646444,-2.648727960753081,0.00816828828356852,0.00417756525863899,0.34418766555735,0.2185516135289043,0.4767305085880352,group,int,w.specialization
Beta,-0.07965079158519828,0.03063253771294585,-2.600202188000129,0.0094126800668457,0.00400139412911728,0.34576097052394955,0.2200355386549355,0.4781758709036378,group,high,w.specialization
Beta,-0.06396832351250897,0.02473897555557487,-2.5857304951374127,0.00981522944525181,0.00394947383305852,0.282932429967267,0.1688292270468923,0.41102425289551614,group,low,w.specialization
Beta,-0.06970673060863945,0.0269938258709898,-2.58232126641793,0.0099122684668762,0.00393728388387492,0.2839232749038339,0.16969944257776157,0.41198196069519794,group,int,w.specialization
Beta,-0.07942240837441147,0.03032419568961219,-2.6191101385623328,0.00890897014181701,0.00406965884496007,0.28485333077071195,0.1705189662491747,0.4128802345401015,group,high,w.specialization
Beta,-0.08268050635645185,0.02480710669752319,-3.332936297835446,8.812588377282715e-4,0.00699979580125938,0.3405017087095805,0.21406266094654963,0.4748520634612719,group,low,w.specialization
Beta,-0.08923410970248724,0.02713205914980449,-3.288880847922309,0.00103027034542702,0.00679915738520342,0.3421430829665154,0.21558114207038423,0.476378265950651,group,int,w.specialization
Beta,-0.09953446129060264,0.03065759596997418,-3.246649260694998,0.00119472029713696,0.00660925681852865,0.3441660066125859,0.2174538268859076,0.4782742332666143,group,high,w.specialization
Beta,-0.03881256948681132,0.02500746757916822,-1.5520391804543634,0.12087365994731236,9.814803925698842e-4,0.32258459547127444,0.19740677447093508,0.4549159480013661,group,low,w.specialization
Beta,-0.03873164028498273,0.02767140882576729,-1.3996988924147689,0.16181994583901194,6.684211078421974e-4,0.3232498845459458,0.19798434344027505,0.4555773135195646,group,int,w.specialization
Beta,-0.03965282038577887,0.03150790395003906,-1.2585039121820003,0.20841457002166577,4.0696966180634234e-4,0.3237767420752993,0.1984398247024158,0.45610200797700307,group,high,w.specialization
Beta,-0.01693351955489112,0.02424352179036563,-0.698476058937134,0.4849928572606266,-3.5726231538671865e-4,0.31951408145785987,0.20039786691797531,0.4464804536486882,group,low,w.specialization
Beta,-0.01590098569315384,0.02680838494472095,-0.593134786968397,0.5531845472418588,-4.5222053683872466e-4,0.31990256711365705,0.20076152101605524,0.446852376519265,group,int,w.specialization
Beta,-0.01734032822842782,0.0303969932963264,-0.5704619552132965,0.568453852438283,-4.706350316659627e-4,0.32009933992860345,0.20093015097966643,0.44705553274544807,group,high,w.specialization
Beta,-0.04087412819199355,0.02433779378720942,-1.6794508388625884,0.09328220085992234,0.00126795449031729,0.3221209603419645,0.1987485827180534,0.453879891954484,group,low,w.specialization
Beta,-0.0424654353583869,0.02668000478098128,-1.5916577117204338,0.11168218942407848,0.00106815647672167,0.3227923003049056,0.19928473512263864,0.454570026455048,group,int,w.specialization
Beta,-0.04634340428855786,0.03005693935934376,-1.5418537374847896,0.12332992457638614,9.59547664136911e-4,0.323268405470894,0.19965408040251523,0.45506429988091374,group,high,w.specialization
Beta,-0.03719945184453197,0.02506743282579071,-1.4839753277910128,0.13803537657325116,8.376400119209918e-4,0.3927918518820869,0.25686374778610854,0.5256632419917674,group,low,w.specialization
Beta,-0.0355899302880757,0.02753782627330072,-1.2924015837292826,0.1964264666163713,4.6721665093173506e-4,0.394658572047021,0.25878943794891435,0.5272690430464456,group,int,w.specialization
Beta,-0.03483606824845066,0.03109911686442472,-1.1201626207045372,0.2628321706733632,1.7762834272101017e-4,0.3963035293826528,0.26051663629200417,0.528662249236165,group,high,w.specialization
Beta,-0.07569105457365306,0.02508579478304937,-3.0172874819496647,0.00259544253046639,0.00561958334160964,0.32693721365622025,0.2040666236393218,0.45700414679031265,group,low,w.specialization
Beta,-0.08219498895725534,0.02743465359859354,-2.996027949172616,0.00278219843977445,0.00553142525074078,0.32778058114579656,0.20483024418383244,0.4578189085286893,group,int,w.specialization
Beta,-0.09302848418586976,0.03089050159670108,-3.0115562835601426,0.00264462509553276,0.00559575763160594,0.32864026732174745,0.20563879554213352,0.45862111082044427,group,high,w.specialization
Beta,-0.05132810253247157,0.02524021669304063,-2.033584067708263,0.04217747413322814,0.00218174572865751,0.3391028569509313,0.2136467618540553,0.47005551291553377,group,low,w.specialization
Beta,-0.05468778753368108,0.02775533832694883,-1.9703520414515137,0.04899030102033341,0.00200593130905099,0.33980593666039854,0.2142976228459374,0.4707448765309883,group,int,w.specialization
Beta,-0.06079950991877613,0.03142771928930617,-1.9345823143922576,0.05323819794491169,0.0019089074928892,0.3404805201781533,0.21494098553310617,0.4713919424448681,group,high,w.specialization
Beta,-0.00152927331172827,0.02526921364398051,-0.06051922838891246,0.9517505406967572,-6.952790484878046e-4,0.4240660979430152,0.2867812827616767,0.556337060074191,group,low,w.specialization
Beta,-0.00248643800950072,0.02780104514337748,-0.08943685378292396,0.9287472335825852,-6.922508806049623e-4,0.42390532961729865,0.28673373016146675,0.5561188034568646,group,int,w.specialization
Beta,-0.00580896485831738,0.03141369202396499,-0.1849182469187582,0.853319325709097,-6.739582666560723e-4,0.423375563734603,0.2863375357770661,0.5555645466686343,group,high,w.specialization
Beta,-0.0363117573172773,0.0259892257959691,-1.397185033611475,0.16257423321111353,6.635245879527575e-4,0.35592617261248694,0.22328105769240283,0.4925955265290931,group,low,w.specialization
Beta,-0.03603410670385542,0.02851810126834397,-1.2635520985352016,0.2065963566900644,4.1584088566900656e-4,0.3570698800119608,0.22439537155091097,0.49361219935912987,group,int,w.specialization
Beta,-0.03653365727340663,0.03223303247241226,-1.1334229041178552,0.257226286310003,1.9845954572613936e-4,0.35808652118624645,0.22538825456409708,0.4945127795244042,group,high,w.specialization
Beta,-0.05609134375455797,0.02449098061712298,-2.2902857436154047,0.02214946296052877,0.0029517972117049,0.3426324374693124,0.2164085332905294,0.47109042146551594,group,low,w.specialization
Beta,-0.0597153093917642,0.0270611905572706,-2.2066770959461848,0.02749472025576205,0.00269108149996897,0.34280167352932206,0.2165097978907994,0.4713119731959806,group,int,w.specialization
Beta,-0.06670723265171451,0.03079417192365191,-2.1662291428748905,0.03045810224063028,0.00256838550271645,0.3428387585759762,0.21648160937461855,0.47140726623848134,group,high,w.specialization
Beta,-0.05691377655368569,0.02430943415896903,-2.341221773468848,0.0193571976740372,0.00311531288738059,0.34262678443826017,0.2117079336996864,0.4796758705376454,group,low,w.specialization
Beta,-0.05731976364725939,0.02664981788215831,-2.1508501071459176,0.03165482260450303,0.00252232207087615,0.3445960187266895,0.2134080002215888,0.4815689866584361,group,int,w.specialization
Beta,-0.05921098322683992,0.03002583310463834,-1.972001343659407,0.04880150851831733,0.00201044737832849,0.34655209927394787,0.2151339739288085,0.48342221706515687,group,high,w.specialization
Beta,-0.04763895735896982,0.02486462811793769,-1.9159328316920377,0.05557243359220054,0.00185901921173098,0.3635806443680622,0.231809284211032,0.4981891606448691,group,low,w.specialization
Beta,-0.04756837190948181,0.02711708935717835,-1.75418428146639,0.07961267191209043,0.00144641426491069,0.36468240311170746,0.23271129676764732,0.4992991257884241,group,int,w.specialization
Beta,-0.04883679777008646,0.03046017017448197,-1.6033002274885355,0.10908875730115342,0.0010940399939313,0.3656162296820899,0.23344141421729755,0.500269245805019,group,high,w.specialization
Beta,-0.03435815258861535,0.02530032091222614,-1.3580125211776304,0.1746734868819646,5.883551739255707e-4,0.39050753882874095,0.24803708738470137,0.5308118163257292,group,low,w.specialization
Beta,-0.03669456211851965,0.02775890823974624,-1.3219022088908745,0.18641169221930975,5.20945663755979e-4,0.3910265966598821,0.2485204997216199,0.5312699960064647,group,int,w.specialization
Beta,-0.04044587704903658,0.03140342767699068,-1.2879446621258896,0.19797316448166913,4.59204273538338e-4,0.39159297486301736,0.249067575586572,0.5317560466992028,group,high,w.specialization
Beta,-0.04715126063455743,0.02518258741867518,-1.8723755367405368,0.06135817832860058,0.00174436481061473,0.32356375159345785,0.2016740212065427,0.4543869164433903,group,low,w.specialization
Beta,-0.05180526978204304,0.02761789512424575,-1.8757863171318656,0.06088778618699986,0.00175324868928522,0.3239391140336124,0.20197714215899457,0.4547652666048233,group,int,w.specialization
Beta,-0.06041309392324474,0.03121058845215854,-1.9356602012118271,0.05310583043932926,0.00191180551228459,0.3241822470044119,0.2021873012267476,0.45499035973356566,group,high,w.specialization
Beta,-0.06182064326716236,0.02600322972783063,-2.3774217246943454,0.01756472949611764,0.00323367542918792,0.346975592744165,0.220338348838832,0.4766382508838742,group,low,w.specialization
Beta,-0.0640769064879904,0.02870101184127218,-2.2325661144757105,0.02573155431239837,0.00277078916155979,0.34737969846019406,0.22066266337370263,0.4770625623509224,group,int,w.specialization
Beta,-0.0682475635565929,0.03260236130309793,-2.0933319191854944,0.03649495923973789,0.00235291553201406,0.3474791149780644,0.2207146151598471,0.47718712048161555,group,high,w.specialization
Beta,-0.00152927331172827,0.02526921364398051,-0.06051922838891246,0.9517505406967572,-6.952790484878046e-4,0.4240660979430152,0.2867812827616767,0.556337060074191,group,low,w.specialization
Beta,-0.00248643800950072,0.02780104514337748,-0.08943685378292396,0.9287472335825852,-6.922508806049623e-4,0.42390532961729865,0.28673373016146675,0.5561188034568646,group,int,w.specialization
Beta,-0.00580896485831738,0.03141369202396499,-0.1849182469187582,0.853319325709097,-6.739582666560723e-4,0.423375563734603,0.2863375357770661,0.5555645466686343,group,high,w.specialization
Beta,-0.03964311706814662,0.02536559791384238,-1.562869410876878,0.11830411135146246,0.0010049589129187,0.3800221617836768,0.2427781358896882,0.5172565640544949,group,low,w.specialization
Beta,-0.03984410028113008,0.0278621720748159,-1.4300428614876162,0.15292270580257394,7.282158881729314e-4,0.38106154462421776,0.2437048278290022,0.5182258775013764,group,int,w.specialization
Beta,-0.04134433212018262,0.03150545245832263,-1.3122913303617991,0.18963201105606944,5.033089902536299e-4,0.3820456138397073,0.2445933383237886,0.5191320247576844,group,high,w.specialization
Beta,-0.0381169392450975,0.02421926246943704,-1.573827414984181,0.11574809463246294,0.00102887946053289,0.32364875359924505,0.1981134331582621,0.45847725484862895,group,low,w.specialization
Beta,-0.04146064352425509,0.02658468452114307,-1.559568761904284,0.11908262946208036,9.97786359049512e-4,0.3244942730363361,0.1988861402899032,0.4592712211175418,group,int,w.specialization
Beta,-0.04666124455879823,0.02998924333426354,-1.5559327068944908,0.11994490600308594,9.899023778054943e-4,0.3254720521840392,0.1997741093573077,0.4601941831044044,group,high,w.specialization
Beta,-0.04638786138680022,0.02454472353401633,-1.8899321201361945,0.05896870314427316,0.0017902643926275,0.32497509065263974,0.2010525235468104,0.4558520313053275,group,low,w.specialization
Beta,-0.04645924648543819,0.02685164036419671,-1.7302200482092618,0.08380626591077034,0.00138834973217238,0.32589835467528755,0.20187652707078105,0.4567638133282437,group,int,w.specialization
Beta,-0.04755923610499735,0.03027819591019441,-1.5707420695096486,0.11646333391479358,0.00102212758160035,0.3267451962172117,0.2026440122641144,0.45759279849060647,group,high,w.specialization
Beta,-0.02992088673084481,0.02446583014345825,-1.222966339396628,0.22154349274056395,3.455198127989381e-4,0.3836912639853109,0.25047921821888414,0.5169805111287813,group,low,w.specialization
Beta,-0.02439652250990318,0.02683816086893299,-0.9090236335137192,0.3634905067602885,-1.2112766435470906e-4,0.3848651342683176,0.25163419549895577,0.5180469337645959,group,int,w.specialization
Beta,-0.01817344867405251,0.0302999321861115,-0.599785126990569,0.5487442704897392,-4.466832593351629e-4,0.3856525192749205,0.25244756804474355,0.5187417334519245,group,high,w.specialization
Beta,-0.04034975247237837,0.02407538989564622,-1.6759750370512254,0.09396122348341152,0.00125984198488081,0.36620891526940264,0.23614714815003304,0.49652810373756945,group,low,w.specialization
Beta,-0.0423626352344292,0.02642632176169697,-1.6030469777988838,0.10914465830808284,0.00109347497919803,0.3665579388399143,0.23641512745752105,0.4968949208926671,group,int,w.specialization
Beta,-0.04531032368631557,0.02981973662414318,-1.519474308489721,0.12886374271354484,9.118610379727446e-4,0.3668452539901707,0.23663552361199217,0.49720217966670627,group,high,w.specialization
Beta,-0.10628642839958086,0.02521173814951481,-4.215751717285953,2.6452609846572273e-5,0.01156112472406653,0.3549190043513111,0.2202765014536044,0.4924842434033473,group,low,w.specialization
Beta,-0.1128163185028815,0.02759819488645129,-4.0878151258460065,4.596247955368504e-5,0.01083680872967908,0.3551643694211147,0.2202547466022225,0.49297607671827415,group,int,w.specialization
Beta,-0.1218852895210417,0.03108833526135506,-3.9206116537398983,9.249611789852176e-5,0.00992231534410353,0.3553968929022472,0.22020876017180793,0.493481818356847,group,high,w.specialization
Beta,-0.04451260120831291,0.02511644568566907,-1.7722492173210191,0.07656563630728264,0.00149070842356475,0.3214567553518719,0.19636763116744477,0.455074159211848,group,low,w.specialization
Beta,-0.04524314457240881,0.02755461723185856,-1.641944222694512,0.10082097971049464,0.00118129524152951,0.3224318235127198,0.19724205185679283,0.4559964068823246,group,int,w.specialization
Beta,-0.04676429697458679,0.03108779575821411,-1.5042654467462713,0.13273338937062862,8.798489875788774e-4,0.3234339663216083,0.19815530564825412,0.4569339422443275,group,high,w.specialization
Beta,-0.08144264081350173,0.02504115121760243,-3.2523521025763555,0.00117117736788729,0.00663476138080063,0.36107536531577183,0.23368353442616904,0.4905192718789822,group,low,w.specialization
Beta,-0.08677664179498179,0.0275400160139359,-3.150929242418405,0.00166118890719624,0.00618766348254942,0.36194748750504,0.2344245893856367,0.4913899577937996,group,int,w.specialization
Beta,-0.09529011792365376,0.03116901340669176,-3.057206741846877,0.00227544029419801,0.00578675996842999,0.3627760943075561,0.2351180582916947,0.492230956431458,group,high,w.specialization
Beta,-0.09889994305873324,0.02541810200529985,-3.8909255710010098,1.0444318763691562e-4,0.00976377188403522,0.34095671195992266,0.21404225943842536,0.47194984199364515,group,low,w.specialization
Beta,-0.1077473857700384,0.02817861864703179,-3.823728448853118,1.370880667457275e-4,0.00940916178926557,0.34203207577332345,0.21484744864840624,0.4731042979576187,group,int,w.specialization
Beta,-0.12123662597631683,0.0321030462041332,-3.776483552539256,1.6556470128925582e-4,0.00916339239093966,0.3433164265834766,0.21585981461389644,0.4744517960857526,group,high,w.specialization
Beta,-0.02338887870145747,0.02518849782606974,-0.9285539321543153,0.35327668202490736,-9.609542248224108e-5,0.3264200571763974,0.20202903378981096,0.4593190134751618,group,low,w.specialization
Beta,-0.02466812146694604,0.02741521858664979,-0.899796636272618,0.36837966294685254,-1.32769378054677e-4,0.3266841065223979,0.20225601221297684,0.4595770295370211,group,int,w.specialization
Beta,-0.02890496563214413,0.03072537725495423,-0.940752179942182,0.3469904243450379,-8.019146218567965e-5,0.32671213784558545,0.2022475279464969,0.4596245821893256,group,high,w.specialization
