term,Estimate,Std. Error,t value,Pr(>|t|),adj.r.squared,lambda,lam_low,lam_up,class,ext,biome,variable
(Intercept),1.138149659921553,0.3968102345890862,2.8682467353700067,0.004217002299006012,8.738997649013838e-4,0.8194635649059683,0.7391539038403547,0.8749083557895013,MAMMALIA,low,Tropical_&_subtropical_moist_broadleaf_forests,marginality
log(low.age + 1),-0.029869220438387217,0.0219644501332564,-1.3598892873335444,0.1741809469001716,8.738997649013838e-4,0.8194635649059683,0.7391539038403547,0.8749083557895013,MAMMALIA,low,Tropical_&_subtropical_moist_broadleaf_forests,marginality
(Intercept),1.1328126616235006,0.39763210201679744,2.848896394123748,0.004479890754812921,4.545446438797372e-4,0.8201607162215283,0.7402803540886406,0.8753347415399221,MAMMALIA,int,Tropical_&_subtropical_moist_broadleaf_forests,marginality
log(int.age + 1),-0.030141655704618388,0.02510442086221424,-1.2006513063994202,0.23017960718418218,4.545446438797372e-4,0.8201607162215283,0.7402803540886406,0.8753347415399221,MAMMALIA,int,Tropical_&_subtropical_moist_broadleaf_forests,marginality
(Intercept),1.1322110898732167,0.3980097959447912,2.844681466157351,0.004539090300911264,3.323501143219032e-4,0.820418705299875,0.7408227579532765,0.8754592034884754,MAMMALIA,high,Tropical_&_subtropical_moist_broadleaf_forests,marginality
log(high.age + 1),-0.03702870126252582,0.03219498498086876,-1.1501387959810947,0.25037017991349453,3.323501143219032e-4,0.820418705299875,0.7408227579532765,0.8754592034884754,MAMMALIA,high,Tropical_&_subtropical_moist_broadleaf_forests,marginality
(Intercept),1.6611812646678223,0.42339469324868545,3.923481543714365,1.0107639016387893e-4,-5.725711044175293e-4,0.7551796772777649,0.6013671457887823,0.8520738064633899,MAMMALIA,low,Montane_grasslands_and_shrublands,marginality
log(low.age + 1),-0.03422111738060467,0.03965339282208505,-0.8630060366876132,0.3885990153185226,-5.725711044175293e-4,0.7551796772777649,0.6013671457887823,0.8520738064633899,MAMMALIA,low,Montane_grasslands_and_shrublands,marginality
(Intercept),1.6684295488536836,0.424273064763616,3.932442776642562,9.750271983133274e-5,-1.564321672026081e-4,0.756055182168551,0.602975926226574,0.852487163882298,MAMMALIA,int,Montane_grasslands_and_shrublands,marginality
log(int.age + 1),-0.04452494977435376,0.046164212091050004,-0.9644906250438519,0.3353238386324906,-1.564321672026081e-4,0.756055182168551,0.602975926226574,0.852487163882298,MAMMALIA,int,Montane_grasslands_and_shrublands,marginality
(Intercept),1.6777774904615466,0.4251775011824366,3.946063669398255,9.229921861697576e-5,3.1710725425108244e-4,0.7567080962170192,0.6043628697027278,0.8527135078993044,MAMMALIA,high,Montane_grasslands_and_shrublands,marginality
log(high.age + 1),-0.06458149876967532,0.060447031092160236,-1.0683981926459134,0.28592015270906224,3.1710725425108244e-4,0.7567080962170192,0.6043628697027278,0.8527135078993044,MAMMALIA,high,Montane_grasslands_and_shrublands,marginality
(Intercept),0.829741772755249,0.11382222956054122,7.289804249651561,4.908310202722532e-9,-0.013172470585124321,1e-6,NA,0.2641353523853673,MAMMALIA,low,Mediterranean_forests_woodlands_and_scrub,marginality
log(low.age + 1),0.06492806806198281,0.09925163391530414,0.6541763142900885,0.5164819076379565,-0.013172470585124321,1e-6,NA,0.2641353523853673,MAMMALIA,low,Mediterranean_forests_woodlands_and_scrub,marginality
(Intercept),0.8354670685237204,0.12371314031970972,6.753260537762095,2.932745957195948e-8,-0.016777232991685185,1e-6,NA,0.26686620459757743,MAMMALIA,int,Mediterranean_forests_woodlands_and_scrub,marginality
log(int.age + 1),0.06331011265606534,0.12095165629761064,0.5234332012807337,0.6033601063095473,-0.016777232991685185,1e-6,NA,0.26686620459757743,MAMMALIA,int,Mediterranean_forests_woodlands_and_scrub,marginality
(Intercept),0.8312564063051244,0.13490613855834996,6.161738933366529,2.1268452377043445e-7,-0.017326131465642616,1e-6,NA,0.2665411808033059,MAMMALIA,high,Mediterranean_forests_woodlands_and_scrub,marginality
log(high.age + 1),0.07779498882079139,0.15539311600313316,0.5006334310151991,0.6191820754066131,-0.017326131465642616,1e-6,NA,0.2665411808033059,MAMMALIA,high,Mediterranean_forests_woodlands_and_scrub,marginality
(Intercept),0.9809101393526412,0.18079893184019583,5.425419992080738,9.318880866970858e-8,-0.0015021524148557477,0.485937571186702,0.23952369366681475,0.6896808150874655,MAMMALIA,low,Deserts_and_xeric_shrublands,marginality
log(low.age + 1),0.014477317079871897,0.026385844599182588,0.5486774177515013,0.5834901845840874,-0.0015021524148557477,0.485937571186702,0.23952369366681475,0.6896808150874655,MAMMALIA,low,Deserts_and_xeric_shrublands,marginality
(Intercept),0.9803260257669807,0.1809390901934275,5.417989140538911,9.690479929602702e-8,-0.0015254853458802169,0.4853328977108881,0.23908347073759068,0.6894745175617335,MAMMALIA,int,Deserts_and_xeric_shrublands,marginality
log(int.age + 1),0.016596683108957656,0.030808294214915596,0.5387082774911472,0.5903459550320069,-0.0015254853458802169,0.4853328977108881,0.23908347073759068,0.6894745175617335,MAMMALIA,int,Deserts_and_xeric_shrublands,marginality
(Intercept),0.9737064428723398,0.18176358122700925,5.356994158561679,1.333555266214148e-7,-0.0011964711058696643,0.48597501822923933,0.24072550340039062,0.6897962007315095,MAMMALIA,high,Deserts_and_xeric_shrublands,marginality
log(high.age + 1),0.027018004655807483,0.04058795039654974,0.665665656724174,0.5059548888151635,-0.0011964711058696643,0.48597501822923933,0.24072550340039062,0.6897962007315095,MAMMALIA,high,Deserts_and_xeric_shrublands,marginality
(Intercept),1.106419078705131,0.16212252262622343,6.824585879754667,2.6925128793209296e-11,-0.0020651561710660193,0.3790356506554422,0.18156857557208875,0.5895805728941971,MAMMALIA,low,mangroves,marginality
log(low.age + 1),0.003423271152162087,0.026293477876581484,0.13019468813637064,0.8964673979617137,-0.0020651561710660193,0.3790356506554422,0.18156857557208875,0.5895805728941971,MAMMALIA,low,mangroves,marginality
(Intercept),1.1039056150524174,0.16281643347820612,6.780062623102362,3.568745299276088e-11,-0.0020234689901016097,0.3800793365311295,0.18251152644770494,0.5903625460263019,MAMMALIA,int,mangroves,marginality
log(int.age + 1),0.005934790757677666,0.03095642538876907,0.19171434308532265,0.8480477234997905,-0.0020234689901016097,0.3800793365311295,0.18251152644770494,0.5903625460263019,MAMMALIA,int,mangroves,marginality
(Intercept),1.1009676134796913,0.16377799144941307,6.722317227951551,5.1318060911853536e-11,-0.0019706349796918426,0.3806972975027126,0.18339062131748385,0.5905710562906812,MAMMALIA,high,mangroves,marginality
log(high.age + 1),0.010259386836938542,0.04125066940866716,0.24870837210663413,0.8036936421129375,-0.0019706349796918426,0.3806972975027126,0.18339062131748385,0.5905710562906812,MAMMALIA,high,mangroves,marginality
(Intercept),1.0524111952042683,0.2062830541656484,5.101782109349449,4.3865127663522685e-7,-0.001307203399567296,0.48527090787971633,0.23873511855378313,0.6862262804807339,MAMMALIA,low,Tropical_&_subtropical_dry_broadleaf_forests,marginality
log(low.age + 1),0.00884883560126042,0.02512782778184751,0.35215282745820436,0.724834388002277,-0.001307203399567296,0.48527090787971633,0.23873511855378313,0.6862262804807339,MAMMALIA,low,Tropical_&_subtropical_dry_broadleaf_forests,marginality
(Intercept),1.0522990784563881,0.20648593937862716,5.096226317506387,4.5121927350066926e-7,-0.0013159502393857976,0.4852774601457807,0.23858835629537162,0.6863203498817897,MAMMALIA,int,Tropical_&_subtropical_dry_broadleaf_forests,marginality
log(int.age + 1),0.010018318264535014,0.029144964778497675,0.3437409631706347,0.7311489453094608,-0.0013159502393857976,0.4852774601457807,0.23858835629537162,0.6863203498817897,MAMMALIA,int,Tropical_&_subtropical_dry_broadleaf_forests,marginality
(Intercept),1.0525764197951144,0.2068736659348744,5.088015504721004,4.70432828691969e-7,-0.0013435662476254935,0.48521807552575047,0.23826871159339805,0.6864282298094071,MAMMALIA,high,Tropical_&_subtropical_dry_broadleaf_forests,marginality
log(high.age + 1),0.012011700534862176,0.03804588477597261,0.31571615709796846,0.7523162803283574,-0.0013435662476254935,0.48521807552575047,0.23826871159339805,0.6864282298094071,MAMMALIA,high,Tropical_&_subtropical_dry_broadleaf_forests,marginality
(Intercept),0.8832509664889907,0.16915154150996917,5.221654846325684,3.440223124151487e-7,-0.002681400599260239,0.3359986738141114,0.043913893207194826,0.6812092718920914,MAMMALIA,low,Tropical_&_subtropical_coniferous_forests,marginality
log(low.age + 1),0.017728265589022227,0.03614862831324763,0.49042706227735977,0.6242117513742187,-0.002681400599260239,0.3359986738141114,0.043913893207194826,0.6812092718920914,MAMMALIA,low,Tropical_&_subtropical_coniferous_forests,marginality
(Intercept),0.8857297804228768,0.17014969945047279,5.205591213404965,3.723132713240318e-7,-0.0029097526212297727,0.33682456837459057,0.0433630325415895,0.6820915969133962,MAMMALIA,int,Tropical_&_subtropical_coniferous_forests,marginality
log(int.age + 1),0.017850592326882214,0.042546318583109824,0.41955668366495524,0.6751276513012023,-0.0029097526212297727,0.33682456837459057,0.0433630325415895,0.6820915969133962,MAMMALIA,int,Tropical_&_subtropical_coniferous_forests,marginality
(Intercept),0.8945664898975147,0.1721031279155968,5.197851432056657,3.8673787905452173e-7,-0.003349301009642849,0.3378354300453816,0.04181785545081281,0.6833942932988684,MAMMALIA,high,Tropical_&_subtropical_coniferous_forests,marginality
log(high.age + 1),0.012948205171820104,0.0567959794816182,0.2279774957664167,0.8198283639302677,-0.003349301009642849,0.3378354300453816,0.04181785545081281,0.6833942932988684,MAMMALIA,high,Tropical_&_subtropical_coniferous_forests,marginality
(Intercept),1.1216025098747586,0.14262440181317884,7.864029546247814,4.6372017337148463e-11,0.014514696367269087,0.27009101981829725,NA,0.7011531493012987,MAMMALIA,low,Temperate_broadleaf_&_mixed_forests,marginality
log(low.age + 1),-0.08382207720952059,0.059467609755227135,-1.4095417245545627,0.16336982384499743,0.014514696367269087,0.27009101981829725,NA,0.7011531493012987,MAMMALIA,low,Temperate_broadleaf_&_mixed_forests,marginality
(Intercept),1.0293576867608958,0.06801109512005216,15.135143537152125,0,-0.009821400423108072,1e-6,NA,0.7379897853685498,MAMMALIA,int,Temperate_broadleaf_&_mixed_forests,marginality
log(int.age + 1),-0.04017514534888367,0.06806745225682466,-0.5902254898170598,0.5570550241260506,-0.009821400423108072,1e-6,NA,0.7379897853685498,MAMMALIA,int,Temperate_broadleaf_&_mixed_forests,marginality
(Intercept),1.0164609286951896,0.07430272692223348,13.679994944990849,0,-0.013597108855791063,1e-6,NA,0.7127003530807285,MAMMALIA,high,Temperate_broadleaf_&_mixed_forests,marginality
log(high.age + 1),-0.027983296538056646,0.08795839887112661,-0.31814240478679856,0.7513814096731928,-0.013597108855791063,1e-6,NA,0.7127003530807285,MAMMALIA,high,Temperate_broadleaf_&_mixed_forests,marginality
(Intercept),1.0681737235456008,0.14421338934712227,7.406897018240809,4.847233725513433e-13,-0.0010724893659572706,0.29884085815891837,0.1340865631229663,0.514302023101323,MAMMALIA,low,Tropical_&_subtropical_grasslands_savannas_and_shrublands,marginality
log(low.age + 1),0.016644142922183504,0.026140644935302028,0.6367150834792974,0.5245734405147933,-0.0010724893659572706,0.29884085815891837,0.1340865631229663,0.514302023101323,MAMMALIA,low,Tropical_&_subtropical_grasslands_savannas_and_shrublands,marginality
(Intercept),1.068173425032016,0.14443563772383794,7.395497689250155,5.240252676230739e-13,-0.0011399860804492438,0.29829245405238775,0.13370978838311998,0.5138461375175397,MAMMALIA,int,Tropical_&_subtropical_grasslands_savannas_and_shrublands,marginality
log(int.age + 1),0.018610869925619153,0.03067793662729333,0.6066532489366173,0.5443295703682327,-0.0011399860804492438,0.29829245405238775,0.13370978838311998,0.5138461375175397,MAMMALIA,int,Tropical_&_subtropical_grasslands_savannas_and_shrublands,marginality
(Intercept),1.0682005179339906,0.1450315100112985,7.3652995673200525,6.443734434924409e-13,-0.0012508487162440653,0.29755365941353246,0.13322323879461023,0.5130944362921573,MAMMALIA,high,Tropical_&_subtropical_grasslands_savannas_and_shrublands,marginality
log(high.age + 1),0.022463522174244216,0.040565705032869555,0.5537564836120188,0.5799689385913038,-0.0012508487162440653,0.29755365941353246,0.13322323879461023,0.5130944362921573,MAMMALIA,high,Tropical_&_subtropical_grasslands_savannas_and_shrublands,marginality
(Intercept),1.1911324041623126,0.05773648352857691,20.630497934165955,0,-0.004442380655956392,1e-6,NA,0.2928409247204634,MAMMALIA,low,Temperate_grasslands_savannas_and_ shrublands,marginality
log(low.age + 1),0.033849789188002966,0.05583393733591515,0.6062583225028823,0.5453111782118634,-0.004442380655956392,1e-6,NA,0.2928409247204634,MAMMALIA,low,Temperate_grasslands_savannas_and_ shrublands,marginality
(Intercept),1.1842285216939108,0.06128203024124966,19.324237741992963,0,-0.0036812209873758658,1e-6,NA,0.29692908226438497,MAMMALIA,int,Temperate_grasslands_savannas_and_ shrublands,marginality
log(int.age + 1),0.04416830525849491,0.06405132298618023,0.6895767831060211,0.49158571631015535,-0.0036812209873758658,1e-6,NA,0.29692908226438497,MAMMALIA,int,Temperate_grasslands_savannas_and_ shrublands,marginality
(Intercept),1.1657842498760749,0.06866606671245376,16.977588868719053,0,-0.0013711748627557967,1e-6,NA,0.3030065217452267,MAMMALIA,high,Temperate_grasslands_savannas_and_ shrublands,marginality
log(high.age + 1),0.07501100476095068,0.08364606556439892,0.8967666829852251,0.3713612434236069,-0.0013711748627557967,1e-6,NA,0.3030065217452267,MAMMALIA,high,Temperate_grasslands_savannas_and_ shrublands,marginality
(Intercept),1.0275050453221781,0.1618358947376703,6.349055300665677,7.497207299422826e-10,-0.001303956838890339,0.2010245630232717,0.048968226171925214,0.43902753202467004,MAMMALIA,low,Flooded_grasslands_and_savannas,marginality
log(low.age + 1),0.03427439644760549,0.04477801554878005,0.765429106840785,0.4445855682870903,-0.001303956838890339,0.2010245630232717,0.048968226171925214,0.43902753202467004,MAMMALIA,low,Flooded_grasslands_and_savannas,marginality
(Intercept),1.0203319743389285,0.16303398441589048,6.258400529156665,1.2609771005145376e-9,-9.232712147132209e-4,0.20085767576361654,0.04889976569237699,0.43884671912890777,MAMMALIA,int,Flooded_grasslands_and_savannas,marginality
log(int.age + 1),0.04431514542796253,0.052716148702326666,0.8406370062843124,0.4011849378044725,-9.232712147132209e-4,0.20085767576361654,0.04889976569237699,0.43884671912890777,MAMMALIA,int,Flooded_grasslands_and_savannas,marginality
(Intercept),1.0203646874184038,0.16508349013127255,6.18090086783979,1.9581813948121862e-9,-0.001379195959751162,0.19949467632692325,0.04801051422258363,0.43707688303683423,MAMMALIA,high,Flooded_grasslands_and_savannas,marginality
log(high.age + 1),0.05294498271706466,0.07062346538893391,0.749679761896259,0.45400359049826444,-0.001379195959751162,0.19949467632692325,0.04801051422258363,0.43707688303683423,MAMMALIA,high,Flooded_grasslands_and_savannas,marginality
(Intercept),1.3985397351946989,0.12646579096630475,11.05864063719273,0,0.005935625166935985,0.46480324622466956,0.34788438005642863,0.5742959718864544,REPTILIA,low,Tropical_&_subtropical_moist_broadleaf_forests,marginality
log(low.age + 1),-0.04216433784747654,0.013848639269607917,-3.0446556536431686,0.0023734346587311883,0.005935625166935985,0.46480324622466956,0.34788438005642863,0.5742959718864544,REPTILIA,low,Tropical_&_subtropical_moist_broadleaf_forests,marginality
(Intercept),1.3988554848504906,0.1268967686536516,11.023570573877153,0,0.0055773208152362815,0.4658720740114859,0.34907892691820164,0.5751787007818545,REPTILIA,int,Tropical_&_subtropical_moist_broadleaf_forests,marginality
log(int.age + 1),-0.045288997164180715,0.015294827263150665,-2.961066273255275,0.0031179973571227038,0.0055773208152362815,0.4658720740114859,0.34907892691820164,0.5751787007818545,REPTILIA,int,Tropical_&_subtropical_moist_broadleaf_forests,marginality
(Intercept),1.4007906668198307,0.12729481349539506,11.004302754805519,0,0.00536554054840056,0.4664658916045008,0.349821933343081,0.5756263037969799,REPTILIA,high,Tropical_&_subtropical_moist_broadleaf_forests,marginality
log(high.age + 1),-0.05032901988034943,0.0172918661091111,-2.9105603503274304,0.003665536950553605,0.00536554054840056,0.4664658916045008,0.349821933343081,0.5756263037969799,REPTILIA,high,Tropical_&_subtropical_moist_broadleaf_forests,marginality
(Intercept),1.6107750188169483,0.19617427926314132,8.21093888998726,8.43769498715119e-15,-0.002618152063921657,0.7395975799570089,0.5292973436991321,0.8649126955321957,REPTILIA,low,Montane_grasslands_and_shrublands,marginality
log(low.age + 1),-0.018096610135333674,0.03440484358638812,-0.5259901876866369,0.5993173998747452,-0.002618152063921657,0.7395975799570089,0.5292973436991321,0.8649126955321957,REPTILIA,low,Montane_grasslands_and_shrublands,marginality
(Intercept),1.611956285471518,0.1962127665894029,8.21534864163409,8.215650382226158e-15,-0.0025512081292664423,0.7395407676396822,0.5292028795190109,0.8649077307247987,REPTILIA,int,Montane_grasslands_and_shrublands,marginality
log(int.age + 1),-0.019772962235824892,0.03639796313634136,-0.5432436469523945,0.5874005247555962,-0.0025512081292664423,0.7395407676396822,0.5292028795190109,0.8649077307247987,REPTILIA,int,Montane_grasslands_and_shrublands,marginality
(Intercept),1.6128373841624073,0.1963542335858995,8.213917035085652,8.43769498715119e-15,-0.0025129458020198077,0.7394845092697941,0.5290505602721773,0.8649088437143094,REPTILIA,high,Montane_grasslands_and_shrublands,marginality
log(high.age + 1),-0.021791997132410507,0.039416543939945994,-0.5528642279143554,0.5808038805033,-0.0025129458020198077,0.7394845092697941,0.5290505602721773,0.8649088437143094,REPTILIA,high,Montane_grasslands_and_shrublands,marginality
(Intercept),0.8994845215269166,0.25893381234817847,3.473800943066539,0.0018128351495136918,-0.021786633051423067,0.81411574509874,0.25107896183823014,0.9655819480120773,REPTILIA,low,Mediterranean_forests_woodlands_and_scrub,marginality
log(low.age + 1),0.05445569115659521,0.08359975785345654,0.6513857522416696,0.520513961500845,-0.021786633051423067,0.81411574509874,0.25107896183823014,0.9655819480120773,REPTILIA,low,Mediterranean_forests_woodlands_and_scrub,marginality
(Intercept),0.8913763937651475,0.26070627579038,3.4190829931606848,0.0020820682976263605,-0.018450292087225723,0.8176090616340832,0.26116283962566617,0.966098546853198,REPTILIA,int,Mediterranean_forests_woodlands_and_scrub,marginality
log(int.age + 1),0.06287047393037606,0.08796155721741725,0.7147494419065048,0.4811327867399655,-0.018450292087225723,0.8176090616340832,0.26116283962566617,0.966098546853198,REPTILIA,int,Mediterranean_forests_woodlands_and_scrub,marginality
(Intercept),0.8808708192390583,0.2626667530049942,3.3535680064629645,0.0024556580401697836,-0.013706075061895851,0.8218235149516269,0.2746830800627212,0.9666171865657122,REPTILIA,high,Mediterranean_forests_woodlands_and_scrub,marginality
log(high.age + 1),0.07529165454202219,0.09448887132657512,0.796830922890348,0.43276580550793575,-0.013706075061895851,0.8218235149516269,0.2746830800627212,0.9666171865657122,REPTILIA,high,Mediterranean_forests_woodlands_and_scrub,marginality
(Intercept),1.2752825431930754,0.1736526357702182,7.3438709267883695,8.44213587924969e-13,0.004538159379689424,0.762432466443905,0.6520101015848999,0.8414016434741841,REPTILIA,low,Deserts_and_xeric_shrublands,marginality
log(low.age + 1),-0.04013691633279302,0.02211777840123986,-1.8146902281353474,0.07016823223396029,0.004538159379689424,0.762432466443905,0.6520101015848999,0.8414016434741841,REPTILIA,low,Deserts_and_xeric_shrublands,marginality
(Intercept),1.2796356210515472,0.17383816416265827,7.361074176175765,7.513989430663059e-13,0.004896885022520275,0.7621438466924928,0.6515878023695133,0.8412190334992212,REPTILIA,int,Deserts_and_xeric_shrublands,marginality
log(int.age + 1),-0.04566075897660549,0.024493443007455373,-1.8642033691509665,0.0628766126467255,0.004896885022520275,0.7621438466924928,0.6515878023695133,0.8412190334992212,REPTILIA,int,Deserts_and_xeric_shrublands,marginality
(Intercept),1.2820171115261285,0.17428122583668995,7.3560253284392285,7.776002064474596e-13,0.004796754338691644,0.7621052617959425,0.6514777853966064,0.8412194269222033,REPTILIA,high,Deserts_and_xeric_shrublands,marginality
log(high.age + 1),-0.05129479533571597,0.027719236792659033,-1.8505125418640864,0.06482702715623279,0.004796754338691644,0.7621052617959425,0.6514777853966064,0.8412194269222033,REPTILIA,high,Deserts_and_xeric_shrublands,marginality
(Intercept),1.3016554078905394,0.03153955026534598,41.27057605259294,0,-0.0015009970016430195,1e-6,NA,0.4849566323199839,REPTILIA,low,mangroves,marginality
log(low.age + 1),-0.0024665907502186,0.01752080015152854,-0.14078071371662848,0.8880865950640002,-0.0015009970016430195,1e-6,NA,0.4849566323199839,REPTILIA,low,mangroves,marginality
(Intercept),1.3003442010370545,0.033402325192070294,38.92975095475557,0,-0.00151965706434118,1e-6,NA,0.48509767881308075,REPTILIA,int,mangroves,marginality
log(int.age + 1),-0.0017232925942036736,0.019699844490669558,-0.08747747196785625,0.9303188096658519,-0.00151965706434118,1e-6,NA,0.48509767881308075,REPTILIA,int,mangroves,marginality
(Intercept),1.3002380437383119,0.0356413582523752,36.48115861722699,0,-0.0015221602093583545,1e-6,NA,0.4852657120130301,REPTILIA,high,mangroves,marginality
log(high.age + 1),-0.0017602916297558835,0.022687072503193073,-0.07759007379679034,0.9381779063325391,-0.0015221602093583545,1e-6,NA,0.4852657120130301,REPTILIA,high,mangroves,marginality
(Intercept),1.2523711854420838,0.08702058049570127,14.39166664147856,0,0.002904043391187583,0.32677176836002647,0.16667546553339369,0.4927045683178302,REPTILIA,low,Tropical_&_subtropical_dry_broadleaf_forests,marginality
log(low.age + 1),-0.031016509899480682,0.016036832276043904,-1.9340795841466571,0.05340321981206353,0.002904043391187583,0.32677176836002647,0.16667546553339369,0.4927045683178302,REPTILIA,low,Tropical_&_subtropical_dry_broadleaf_forests,marginality
(Intercept),1.2566116205146949,0.0873802372457817,14.38095912900898,0,0.003169358115775461,0.3264845165846427,0.16675399693190354,0.49228203943940896,REPTILIA,int,Tropical_&_subtropical_dry_broadleaf_forests,marginality
log(int.age + 1),-0.035786315970332494,0.017911418524222802,-1.9979610169868054,0.04600862518778692,0.003169358115775461,0.3264845165846427,0.16675399693190354,0.49228203943940896,REPTILIA,int,Tropical_&_subtropical_dry_broadleaf_forests,marginality
(Intercept),1.2606987459720582,0.08789084191484282,14.34391477548418,0,0.0032982675233190657,0.3259434679752039,0.16640585302511585,0.4917637049055567,REPTILIA,high,Tropical_&_subtropical_dry_broadleaf_forests,marginality
log(high.age + 1),-0.041520385738499976,0.020470685427156667,-2.0282850755655946,0.04281271202432313,0.0032982675233190657,0.3259434679752039,0.16640585302511585,0.4917637049055567,REPTILIA,high,Tropical_&_subtropical_dry_broadleaf_forests,marginality
(Intercept),1.3873905919685499,0.10620182623162054,13.063716898264298,0,-9.287841155156514e-4,0.4014333145922746,0.16164773560704132,0.6445893909153363,REPTILIA,low,Tropical_&_subtropical_coniferous_forests,marginality
log(low.age + 1),-0.017371250721607945,0.022743729753494875,-0.7637819702346148,0.44539923245609314,-9.287841155156514e-4,0.4014333145922746,0.16164773560704132,0.6445893909153363,REPTILIA,low,Tropical_&_subtropical_coniferous_forests,marginality
(Intercept),1.383398314939289,0.10677004609204427,12.956801702105567,0,-0.0012744682822187496,0.4001516864236294,0.16002928366986155,0.6442063206485135,REPTILIA,int,Tropical_&_subtropical_coniferous_forests,marginality
log(int.age + 1),-0.01660228507061967,0.025362756485373332,-0.6545930873166009,0.5130656914818319,-0.0012744682822187496,0.4001516864236294,0.16002928366986155,0.6442063206485135,REPTILIA,int,Tropical_&_subtropical_coniferous_forests,marginality
(Intercept),1.3784772257337843,0.10770249285977565,12.798935188329454,0,-0.0016143851079364697,0.39868464630103795,0.1582508483940187,0.643753523659732,REPTILIA,high,Tropical_&_subtropical_coniferous_forests,marginality
log(high.age + 1),-0.015323801165621626,0.02915202158041309,-0.5256514071709357,0.5993905090601279,-0.0016143851079364697,0.39868464630103795,0.1582508483940187,0.643753523659732,REPTILIA,high,Tropical_&_subtropical_coniferous_forests,marginality
(Intercept),1.3004976754987334,0.06985136352644906,18.61807142828791,0,-0.015178191469125453,1e-6,NA,0.7988450960258684,REPTILIA,low,Temperate_broadleaf_&_mixed_forests,marginality
log(low.age + 1),-0.02983168113046819,0.04539522466566699,-0.6571546093267886,0.5151487938570063,-0.015178191469125453,1e-6,NA,0.7988450960258684,REPTILIA,low,Temperate_broadleaf_&_mixed_forests,marginality
(Intercept),1.3075472209412498,0.07278545962521302,17.964401511978817,0,-0.012386659362054252,1e-6,NA,0.7923823439209364,REPTILIA,int,Temperate_broadleaf_&_mixed_forests,marginality
log(int.age + 1),-0.0359118856227747,0.049094694546584425,-0.7314820054272673,0.46909250532159685,-0.012386659362054252,1e-6,NA,0.7923823439209364,REPTILIA,int,Temperate_broadleaf_&_mixed_forests,marginality
(Intercept),1.3174906798420594,0.07708842228728041,17.090642676954168,0,-0.008560627209665082,1e-6,NA,0.7785390860722335,REPTILIA,high,Temperate_broadleaf_&_mixed_forests,marginality
log(high.age + 1),-0.045186219360322966,0.054899075639015325,-0.8230779632327782,0.41573723007891905,-0.008560627209665082,1e-6,NA,0.7785390860722335,REPTILIA,high,Temperate_broadleaf_&_mixed_forests,marginality
(Intercept),1.2949447168875183,0.06170122513166974,20.987342052351803,0,0.00412774215732456,0.09419443561546043,0.015261942625836364,0.2930311704677258,REPTILIA,low,Tropical_&_subtropical_grasslands_savannas_and_shrublands,marginality
log(low.age + 1),-0.03895618810593682,0.021336485932831883,-1.8258015039858235,0.06841064808189112,0.00412774215732456,0.09419443561546043,0.015261942625836364,0.2930311704677258,REPTILIA,low,Tropical_&_subtropical_grasslands_savannas_and_shrublands,marginality
(Intercept),1.3026277837729405,0.0626223259062626,20.801331872003658,0,0.004878948910095921,0.09326737162867076,0.015683707135661206,0.28993842440213063,REPTILIA,int,Tropical_&_subtropical_grasslands_savannas_and_shrublands,marginality
log(int.age + 1),-0.04587213849617178,0.023655756124567825,-1.9391533398727847,0.05298282987851577,0.004878948910095921,0.09326737162867076,0.015683707135661206,0.28993842440213063,REPTILIA,int,Tropical_&_subtropical_grasslands_savannas_and_shrublands,marginality
(Intercept),1.306588974307459,0.06348275512607186,20.5817937755328,0,0.005006702017328287,0.09139235189905454,0.01538791947675268,0.2872429953547447,REPTILIA,high,Tropical_&_subtropical_grasslands_savannas_and_shrublands,marginality
log(high.age + 1),-0.05217845788189568,0.026651660077674243,-1.957793913393219,0.050748622333440796,0.005006702017328287,0.09139235189905454,0.01538791947675268,0.2872429953547447,REPTILIA,high,Tropical_&_subtropical_grasslands_savannas_and_shrublands,marginality
(Intercept),1.3600684165809294,0.03829692312616997,35.513777754420566,0,0.005925191045385504,1e-6,NA,0.2556567870249188,REPTILIA,low,Temperate_grasslands_savannas_and_ shrublands,marginality
log(low.age + 1),-0.03997356490275372,0.02808911959440049,-1.4230978215038954,0.15652964684224235,0.005925191045385504,1e-6,NA,0.2556567870249188,REPTILIA,low,Temperate_grasslands_savannas_and_ shrublands,marginality
(Intercept),1.3606425959359285,0.03953038331520357,34.42017207590848,0,0.005233548147630187,1e-6,NA,0.262811893450329,REPTILIA,int,Temperate_grasslands_savannas_and_ shrublands,marginality
log(int.age + 1),-0.041476338476762464,0.0300513244825954,-1.3801833759701343,0.1693318807660582,0.005233548147630187,1e-6,NA,0.262811893450329,REPTILIA,int,Temperate_grasslands_savannas_and_ shrublands,marginality
(Intercept),1.3606406341228618,0.04137662494551848,32.88428275419872,0,0.003988934369008553,1e-6,NA,0.2770387888618912,REPTILIA,high,Temperate_grasslands_savannas_and_ shrublands,marginality
log(high.age + 1),-0.04308710653086534,0.033155264952535894,-1.2995554881720166,0.19550259812995985,0.003988934369008553,1e-6,NA,0.2770387888618912,REPTILIA,high,Temperate_grasslands_savannas_and_ shrublands,marginality
(Intercept),1.1281985672032124,0.10644671852303213,10.59871626722905,0,-0.0031566155146835247,0.14993406042653495,0.015201343186277628,0.36773991390027155,REPTILIA,low,Flooded_grasslands_and_savannas,marginality
log(low.age + 1),-0.0017760704967313412,0.03551004308340928,-0.0500160051216931,0.9601412328754024,-0.0031566155146835247,0.14993406042653495,0.015201343186277628,0.36773991390027155,REPTILIA,low,Flooded_grasslands_and_savannas,marginality
(Intercept),1.1370348080031911,0.10860070068617232,10.469866223873867,0,-0.003080665730297028,0.1509787648300224,0.016430535257398956,0.3683284436373439,REPTILIA,int,Flooded_grasslands_and_savannas,marginality
log(int.age + 1),-0.0064615608725148155,0.03974692570387311,-0.16256756360618788,0.8709628337600344,-0.003080665730297028,0.1509787648300224,0.016430535257398956,0.3683284436373439,REPTILIA,int,Flooded_grasslands_and_savannas,marginality
(Intercept),1.1472124883019563,0.11057810265405267,10.374680526858462,0,-0.0029068693076779823,0.15206697075207046,0.017877046489475863,0.3688767426346461,REPTILIA,high,Flooded_grasslands_and_savannas,marginality
log(high.age + 1),-0.012841317276172104,0.045066053917194926,-0.28494434635362,0.7758734362110549,-0.0029068693076779823,0.15206697075207046,0.017877046489475863,0.3688767426346461,REPTILIA,high,Flooded_grasslands_and_savannas,marginality
(Intercept),1.1713137837825018,0.1713333144798298,6.8364625253333005,1.0750955681260166e-11,0.004554681665697326,0.6688394006255833,0.5905358353711293,0.7349685052113678,AVES,low,Tropical_&_subtropical_moist_broadleaf_forests,marginality
log(low.age + 1),-0.04780696763589552,0.015018540133590896,-3.1831967162353614,0.0014790258221091257,0.004554681665697326,0.6688394006255833,0.5905358353711293,0.7349685052113678,AVES,low,Tropical_&_subtropical_moist_broadleaf_forests,marginality
(Intercept),1.1696790633299667,0.1710601952028674,6.837821399319671,1.0651923787463602e-11,0.004703585888538195,0.6685833077715952,0.5902840402888413,0.7347354719294678,AVES,int,Tropical_&_subtropical_moist_broadleaf_forests,marginality
log(int.age + 1),-0.05381568976980894,0.016661343948479974,-3.229972920324869,0.0012581519904384386,0.004703585888538195,0.6685833077715952,0.5902840402888413,0.7347354719294678,AVES,int,Tropical_&_subtropical_moist_broadleaf_forests,marginality
(Intercept),1.1681345240274197,0.17110114846802785,6.827157704588398,1.1454392989662665e-11,0.00458775101722777,0.6687753745552801,0.5905585989783778,0.7348716304601481,AVES,high,Tropical_&_subtropical_moist_broadleaf_forests,marginality
log(high.age + 1),-0.06046859616446741,0.018934050187652325,-3.19364296413989,0.001426805177974888,0.00458775101722777,0.6687753745552801,0.5905585989783778,0.7348716304601481,AVES,high,Tropical_&_subtropical_moist_broadleaf_forests,marginality
(Intercept),1.4527965321228495,0.15831343489627006,9.176710321993513,0,-0.0010920093959887766,0.4748336589172387,0.32269854540644766,0.609593988698325,AVES,low,Montane_grasslands_and_shrublands,marginality
log(low.age + 1),-7.014202688717386e-4,0.024637525842519863,-0.028469590386434644,0.9772938296200664,-0.0010920093959887766,0.4748336589172387,0.32269854540644766,0.609593988698325,AVES,low,Montane_grasslands_and_shrublands,marginality
(Intercept),1.456331056544053,0.1582051320862654,9.205333843088928,0,-0.0010826100178290162,0.47556307864850234,0.3232742217930229,0.6102647860835806,AVES,int,Montane_grasslands_and_shrublands,marginality
log(int.age + 1),-0.0026798040956754338,0.027637635386480102,-0.09696213363413687,0.9227776993000791,-0.0010826100178290162,0.47556307864850234,0.3232742217930229,0.6102647860835806,AVES,int,Montane_grasslands_and_shrublands,marginality
(Intercept),1.462175731218405,0.15862280048927457,9.217941725327636,0,-0.0010457316345892256,0.4768055583901161,0.3245182910621546,0.6113033267512764,AVES,high,Montane_grasslands_and_shrublands,marginality
log(high.age + 1),-0.006571977540686391,0.03165225674734894,-0.2076306151926065,0.8355635995142248,-0.0010457316345892256,0.4768055583901161,0.3245182910621546,0.6113033267512764,AVES,high,Montane_grasslands_and_shrublands,marginality
(Intercept),0.9702976719008718,0.08803085424037743,11.022245328341047,4.440892098500626e-16,-0.01612328600133315,1e-6,NA,0.2100389153691699,AVES,low,Mediterranean_forests_woodlands_and_scrub,marginality
log(low.age + 1),0.00955925701273097,0.053366611040643074,0.1791243031237417,0.8584436127407868,-0.01612328600133315,1e-6,NA,0.2100389153691699,AVES,low,Mediterranean_forests_woodlands_and_scrub,marginality
(Intercept),0.9692833211828709,0.09297970972446816,10.424675706723553,4.440892098500626e-15,-0.016122646444730895,1e-6,NA,0.2100423486654562,AVES,int,Mediterranean_forests_woodlands_and_scrub,marginality
log(int.age + 1),0.010809464447148365,0.06031066205632524,0.1792297427783699,0.8583611896526608,-0.016122646444730895,1e-6,NA,0.2100423486654562,AVES,int,Mediterranean_forests_woodlands_and_scrub,marginality
(Intercept),0.970620380732945,0.09914808733595155,9.78960267225441,4.75175454539567e-14,-0.016283058003727507,1e-6,NA,0.2096432972906959,AVES,high,Mediterranean_forests_woodlands_and_scrub,marginality
log(high.age + 1),0.010541484699061243,0.07004696087219824,0.1504916782655902,0.880881505879225,-0.016283058003727507,1e-6,NA,0.2096432972906959,AVES,high,Mediterranean_forests_woodlands_and_scrub,marginality
(Intercept),1.1868986637386492,0.0662341390082087,17.919741714941768,0,0.01695344762828687,0.10508001723426262,0.022517372353621865,0.25684216001249766,AVES,low,Deserts_and_xeric_shrublands,marginality
log(low.age + 1),-0.07913050285867967,0.018648968396673397,-4.2431571106525645,2.411930410906038e-5,0.01695344762828687,0.10508001723426262,0.022517372353621865,0.25684216001249766,AVES,low,Deserts_and_xeric_shrublands,marginality
(Intercept),1.193392465712523,0.0683825625795034,17.45170728758597,0,0.017077138791921985,0.11144830924669336,0.02609075899150407,0.26350051256246543,AVES,int,Deserts_and_xeric_shrublands,marginality
log(int.age + 1),-0.09167150747668723,0.021529219169600912,-4.258004284991751,2.2599294841274542e-5,0.017077138791921985,0.11144830924669336,0.02609075899150407,0.26350051256246543,AVES,int,Deserts_and_xeric_shrublands,marginality
(Intercept),1.196062250145366,0.07105364635124173,16.833228293912374,0,0.01613195891029372,0.11961288276308552,0.030626191591375942,0.27236144452659783,AVES,high,Deserts_and_xeric_shrublands,marginality
log(high.age + 1),-0.10445984793787111,0.02521176524146307,-4.143297660335075,3.717541296577309e-5,0.01613195891029372,0.11961288276308552,0.030626191591375942,0.27236144452659783,AVES,high,Deserts_and_xeric_shrublands,marginality
(Intercept),1.0528773430438596,0.08759045539482252,12.020457460780541,0,-8.699128086655584e-4,0.23308635594103078,0.12698548745383342,0.36716034370322576,AVES,low,mangroves,marginality
log(low.age + 1),-0.005155064207608501,0.018275884587015966,-0.2820692034393179,0.7779456122800745,-8.699128086655584e-4,0.23308635594103078,0.12698548745383342,0.36716034370322576,AVES,low,mangroves,marginality
(Intercept),1.0520275299986996,0.0881105977382816,11.939852378752198,0,-8.855079355880119e-4,0.23359510384699583,0.12765737432963586,0.36744701876430225,AVES,int,mangroves,marginality
log(int.age + 1),-0.005259645099141799,0.02094217523196374,-0.25115084946448535,0.8017462521516596,-8.855079355880119e-4,0.23359510384699583,0.12765737432963586,0.36744701876430225,AVES,int,mangroves,marginality
(Intercept),1.0532361224750608,0.08879170758918221,11.86187484250365,0,-8.750970656847466e-4,0.23367756967831835,0.1279472670210431,0.36733743573453537,AVES,high,mangroves,marginality
log(high.age + 1),-0.006651156292096949,0.02443652298422707,-0.27218096029414823,0.7855359874869734,-8.750970656847466e-4,0.23367756967831835,0.1279472670210431,0.36733743573453537,AVES,high,mangroves,marginality
(Intercept),1.0537367040461463,0.10120014576015808,10.412403027002323,0,0.005993464210050357,0.3354278792243877,0.22155526510451073,0.4532378185577509,AVES,low,Tropical_&_subtropical_dry_broadleaf_forests,marginality
log(low.age + 1),-0.05035759887720096,0.015738785600550535,-3.1995860516353614,0.0014044478179671138,0.005993464210050357,0.3354278792243877,0.22155526510451073,0.4532378185577509,AVES,low,Tropical_&_subtropical_dry_broadleaf_forests,marginality
(Intercept),1.0566410269643665,0.10139447810941438,10.421090444631012,0,0.006365202452510385,0.33666959028958227,0.22325045195196178,0.4539774465898533,AVES,int,Tropical_&_subtropical_dry_broadleaf_forests,marginality
log(int.age + 1),-0.05836271176557379,0.017747742696558936,-3.2884582993695073,0.0010302322011777054,0.006365202452510385,0.33666959028958227,0.22325045195196178,0.4539774465898533,AVES,int,Tropical_&_subtropical_dry_broadleaf_forests,marginality
(Intercept),1.060139594695918,0.10180749579078975,10.413178189496593,0,0.006559919292352651,0.337996028413066,0.2249294007560452,0.4548723075405499,AVES,high,Tropical_&_subtropical_dry_broadleaf_forests,marginality
log(high.age + 1),-0.06807391407788858,0.02041753815183176,-3.3340902106643706,8.762306034024725e-4,0.006559919292352651,0.337996028413066,0.2249294007560452,0.4548723075405499,AVES,high,Tropical_&_subtropical_dry_broadleaf_forests,marginality
(Intercept),1.0392553810394287,0.09762825017925482,10.645027224509876,0,0.007562295177692344,0.16477076425966578,0.04800460049482755,0.33893222703301545,AVES,low,Tropical_&_subtropical_coniferous_forests,marginality
log(low.age + 1),0.06195206070006537,0.029113972211975266,2.127915086577675,0.03387291499591738,0.007562295177692344,0.16477076425966578,0.04800460049482755,0.33893222703301545,AVES,low,Tropical_&_subtropical_coniferous_forests,marginality
(Intercept),1.024499324336959,0.09954561560288352,10.291757383107512,0,0.008716187519568708,0.16442058054848424,0.04832840410161625,0.33796102897282,AVES,int,Tropical_&_subtropical_coniferous_forests,marginality
log(int.age + 1),0.0765518287059807,0.03399424318619005,2.251905661988069,0.02479710659432799,0.008716187519568708,0.16442058054848424,0.04832840410161625,0.33796102897282,AVES,int,Tropical_&_subtropical_coniferous_forests,marginality
(Intercept),1.0122638038567482,0.10211577214946845,9.912903585305921,0,0.009110358504836246,0.1645631542158272,0.04915447534699016,0.33732065821900836,AVES,high,Tropical_&_subtropical_coniferous_forests,marginality
log(high.age + 1),0.09242120625255101,0.040309526534376694,2.2927881867759607,0.022308707834592933,0.009110358504836246,0.1645631542158272,0.04915447534699016,0.33732065821900836,AVES,high,Tropical_&_subtropical_coniferous_forests,marginality
(Intercept),0.9004521754515269,0.1281194106653474,7.028226018019557,5.913891598652299e-11,-0.004527111520039342,0.29052863177932775,0.10161017124210527,0.5078036142851692,AVES,low,Temperate_broadleaf_&_mixed_forests,marginality
log(low.age + 1),-0.022102168969599434,0.04151542608087397,-0.5323844906840987,0.5952076087908842,-0.004527111520039342,0.29052863177932775,0.10161017124210527,0.5078036142851692,AVES,low,Temperate_broadleaf_&_mixed_forests,marginality
(Intercept),0.9162110248436877,0.1310721614993094,6.9901267695849745,7.278755376205481e-11,-0.0032836703284544917,0.2909192703614212,0.10230304079607733,0.5080565364010406,AVES,int,Temperate_broadleaf_&_mixed_forests,marginality
log(int.age + 1),-0.03354424744577522,0.04843687334924059,-0.6925353584223689,0.48961778159160385,-0.0032836703284544917,0.2909192703614212,0.10230304079607733,0.5080565364010406,AVES,int,Temperate_broadleaf_&_mixed_forests,marginality
(Intercept),0.928133241026096,0.1346695584730203,6.891930526467406,1.2398593263185376e-10,-0.0024346639602170713,0.2907074409833455,0.10239462944548311,0.5077920697177439,AVES,high,Temperate_broadleaf_&_mixed_forests,marginality
log(high.age + 1),-0.044930919385713086,0.05734845677172191,-0.783472161501444,0.43452274469610286,-0.0024346639602170713,0.2907074409833455,0.10239462944548311,0.5077920697177439,AVES,high,Temperate_broadleaf_&_mixed_forests,marginality
(Intercept),1.1571548073936524,0.08663805362826964,13.356195793115988,0,0.01155381555336745,0.21736764486315768,0.1045103762975044,0.36032954667255296,AVES,low,Tropical_&_subtropical_grasslands_savannas_and_shrublands,marginality
log(low.age + 1),-0.0688544441441721,0.018403425936341842,-3.7413927375447527,1.9235613967216736e-4,0.01155381555336745,0.21736764486315768,0.1045103762975044,0.36032954667255296,AVES,low,Tropical_&_subtropical_grasslands_savannas_and_shrublands,marginality
(Intercept),1.1590059025231783,0.08738156547433693,13.26373470458785,0,0.011532593120836144,0.22029353465204043,0.10702636664760998,0.3631366547594311,AVES,int,Tropical_&_subtropical_grasslands_savannas_and_shrublands,marginality
log(int.age + 1),-0.07818818482368536,0.020916202885101015,-3.7381634349789277,1.9481189763137507e-4,0.011532593120836144,0.22029353465204043,0.10702636664760998,0.3631366547594311,AVES,int,Tropical_&_subtropical_grasslands_savannas_and_shrublands,marginality
(Intercept),1.162889717450347,0.08835040728255544,13.16224512391078,0,0.011499248413826189,0.22308203251932635,0.10947621245250544,0.3657401865643016,AVES,high,Tropical_&_subtropical_grasslands_savannas_and_shrublands,marginality
log(high.age + 1),-0.09036043341471374,0.02420530286175524,-3.7330841894767053,1.9873423798166812e-4,0.011499248413826189,0.22308203251932635,0.10947621245250544,0.3657401865643016,AVES,high,Tropical_&_subtropical_grasslands_savannas_and_shrublands,marginality
(Intercept),1.2893398447897635,0.04067876295526467,31.695650288276436,0,0.0011725718571578652,1e-6,NA,0.18144934468393614,AVES,low,Temperate_grasslands_savannas_and_ shrublands,marginality
log(low.age + 1),-0.02694069408703248,0.02270942637656839,-1.186322086709769,0.2363090920595048,0.0011725718571578652,1e-6,NA,0.18144934468393614,AVES,low,Temperate_grasslands_savannas_and_ shrublands,marginality
(Intercept),1.2878180906306111,0.04430561407713102,29.06670221043922,0,1.7453159654736463e-4,1e-6,NA,0.18062670788677396,AVES,int,Temperate_grasslands_savannas_and_ shrublands,marginality
log(int.age + 1),-0.027722250705967788,0.026918954974145558,-1.0298412673372261,0.3038038776724068,1.7453159654736463e-4,1e-6,NA,0.18062670788677396,AVES,int,Temperate_grasslands_savannas_and_ shrublands,marginality
(Intercept),1.286563603959225,0.04804779589357098,26.776745530826176,0,-5.130005572461382e-4,1e-6,NA,0.17899725957761792,AVES,high,Temperate_grasslands_savannas_and_ shrublands,marginality
log(high.age + 1),-0.029042079859480374,0.032031011470837104,-0.9066863182238867,0.3652036923960247,-5.130005572461382e-4,1e-6,NA,0.17899725957761792,AVES,high,Temperate_grasslands_savannas_and_ shrublands,marginality
(Intercept),1.0463021349479036,0.09038175212255685,11.576475454128476,0,0.0025244152978474675,0.0940047979632702,0.027818531905365894,0.20150447708515784,AVES,low,Flooded_grasslands_and_savannas,marginality
log(low.age + 1),-0.04860882639675562,0.028947940866715066,-1.6791807963324619,0.09355188522164326,0.0025244152978474675,0.0940047979632702,0.027818531905365894,0.20150447708515784,AVES,low,Flooded_grasslands_and_savannas,marginality
(Intercept),1.045363006974282,0.09278418653897307,11.266607446465976,0,0.0021307303210450616,0.09642269171560847,0.029658487810292795,0.20404294384689176,AVES,int,Flooded_grasslands_and_savannas,marginality
log(int.age + 1),-0.0531981046286899,0.03341060686078965,-1.5922519710685847,0.11176822815283605,0.0021307303210450616,0.09642269171560847,0.029658487810292795,0.20404294384689176,AVES,int,Flooded_grasslands_and_savannas,marginality
(Intercept),1.0448532758598499,0.09552252601840852,10.938291933972643,0,0.0017554326124847744,0.09862572132765701,0.0313577263899772,0.2063441749981654,AVES,high,Flooded_grasslands_and_savannas,marginality
log(high.age + 1),-0.05903248286091639,0.03922986547897699,-1.5047842285503497,0.1328193121397223,0.0017554326124847744,0.09862572132765701,0.0313577263899772,0.2063441749981654,AVES,high,Flooded_grasslands_and_savannas,marginality
(Intercept),1.3886278172985447,0.16869257082992678,8.23170700681619,4.440892098500626e-16,0.0035646538136804773,0.6510804555556166,0.5478440911441594,0.736989143361554,AMPHIBIA,low,Tropical_&_subtropical_moist_broadleaf_forests,marginality
log(low.age + 1),-0.026337766050624118,0.011079765872614718,-2.377104927435498,0.01759325636072573,0.0035646538136804773,0.6510804555556166,0.5478440911441594,0.736989143361554,AMPHIBIA,low,Tropical_&_subtropical_moist_broadleaf_forests,marginality
(Intercept),1.389306629360205,0.16896973606590754,8.222221693110171,4.440892098500626e-16,0.003427664883260695,0.6515945951363944,0.5484508191763607,0.7373935903987334,AMPHIBIA,int,Tropical_&_subtropical_moist_broadleaf_forests,marginality
log(int.age + 1),-0.02863206967448175,0.012240745193810857,-2.3390789711854016,0.019482275189645737,0.003427664883260695,0.6515945951363944,0.5484508191763607,0.7373935903987334,AMPHIBIA,int,Tropical_&_subtropical_moist_broadleaf_forests,marginality
(Intercept),1.3911549926321285,0.16938807531455893,8.212827201966315,4.440892098500626e-16,0.0032759539207079373,0.6522255235814526,0.5491987162123618,0.7378876894381547,AMPHIBIA,high,Tropical_&_subtropical_moist_broadleaf_forests,marginality
log(high.age + 1),-0.03195033969047584,0.013914173329897608,-2.296244191656261,0.021820508681775097,0.0032759539207079373,0.6522255235814526,0.5491987162123618,0.7378876894381547,AMPHIBIA,high,Tropical_&_subtropical_moist_broadleaf_forests,marginality
(Intercept),2.1820857381585173,0.34905877465934343,6.25134188443788,4.7540307246407565e-9,0.007185722577736568,0.7775125561548926,0.490935481899449,0.9212203508817997,AMPHIBIA,low,Montane_grasslands_and_shrublands,marginality
log(low.age + 1),-0.0654787884247949,0.046230686572985645,-1.4163490373741638,0.15892662114552847,0.007185722577736568,0.7775125561548926,0.490935481899449,0.9212203508817997,AMPHIBIA,low,Montane_grasslands_and_shrublands,marginality
(Intercept),2.1926675593098164,0.3495266453797599,6.273248658703796,4.261399233485008e-9,0.008547644335049063,0.777294466565756,0.4919053248865648,0.9208363964502474,AMPHIBIA,int,Montane_grasslands_and_shrublands,marginality
log(int.age + 1),-0.07340607482098883,0.0495087573390704,-1.482688695219171,0.1404372297486982,0.008547644335049063,0.777294466565756,0.4919053248865648,0.9208363964502474,AMPHIBIA,int,Montane_grasslands_and_shrublands,marginality
(Intercept),2.2062649745062255,0.3499719527724517,6.3041193930781,3.6513889689615553e-9,0.01008148162298568,0.7762957364191484,0.4921298920705888,0.9200895030435321,AMPHIBIA,high,Montane_grasslands_and_shrublands,marginality
log(high.age + 1),-0.08500076671916745,0.05469033437764312,-1.5542191812583788,0.12242253703900907,0.01008148162298568,0.7762957364191484,0.4921298920705888,0.9200895030435321,AMPHIBIA,high,Montane_grasslands_and_shrublands,marginality
(Intercept),1.8075798493084763,0.38957002041698535,4.639935710077719,0.001219374338014667,0.41307445167877543,1,0.321466880220953,NA,AMPHIBIA,low,Mediterranean_forests_woodlands_and_scrub,marginality
log(low.age + 1),-0.31707485748830955,0.11183803572484544,-2.835125415367695,0.0195581173725774,0.41307445167877543,1,0.321466880220953,NA,AMPHIBIA,low,Mediterranean_forests_woodlands_and_scrub,marginality
(Intercept),1.8597829045849033,0.37670248841543386,4.937007218635369,8.05544449290263e-4,0.4615167217737995,1,0.49096857503496916,NA,AMPHIBIA,int,Mediterranean_forests_woodlands_and_scrub,marginality
log(int.age + 1),-0.36225265786543537,0.11709550123521856,-3.093651370412183,0.012853482722343657,0.4615167217737995,1,0.49096857503496916,NA,AMPHIBIA,int,Mediterranean_forests_woodlands_and_scrub,marginality
(Intercept),1.943322684589686,0.362090559141331,5.36695209396821,4.521675654531876e-4,0.5242608533539763,1,0.6412404917712686,NA,AMPHIBIA,high,Mediterranean_forests_woodlands_and_scrub,marginality
log(high.age + 1),-0.43438188810445766,0.12529128824543595,-3.4669759900108708,0.007082453298578262,0.5242608533539763,1,0.6412404917712686,NA,AMPHIBIA,high,Mediterranean_forests_woodlands_and_scrub,marginality
(Intercept),1.1579762931508688,0.23468337469306214,4.934206756935227,1.84736272235142e-6,0.0018069968733705117,0.7330053873572547,0.5134718300131547,0.8684024662217704,AMPHIBIA,low,Deserts_and_xeric_shrublands,marginality
log(low.age + 1),0.03628565233970954,0.03155598989404879,1.1498816060450292,0.2517439142302085,0.0018069968733705117,0.7330053873572547,0.5134718300131547,0.8684024662217704,AMPHIBIA,low,Deserts_and_xeric_shrublands,marginality
(Intercept),1.1520640975922156,0.23590046932975695,4.883687179027126,2.3172608756283353e-6,0.0019552925929953763,0.7325350056347285,0.5127580939079015,0.8681726644590827,AMPHIBIA,int,Deserts_and_xeric_shrublands,marginality
log(int.age + 1),0.04073585046803321,0.03507641944838116,1.1613457447668092,0.2470650822773317,0.0019552925929953763,0.7325350056347285,0.5127580939079015,0.8681726644590827,AMPHIBIA,int,Deserts_and_xeric_shrublands,marginality
(Intercept),1.1498374983380635,0.2380675918941151,4.829878309725897,2.944643862523577e-6,0.0013055400956740362,0.7332425834617925,0.5138957042463609,0.8685566540266297,AMPHIBIA,high,Deserts_and_xeric_shrublands,marginality
log(high.age + 1),0.04467752844937593,0.040240393337668996,1.110265699305512,0.2683905899202286,0.0013055400956740362,0.7332425834617925,0.5138957042463609,0.8685566540266297,AMPHIBIA,high,Deserts_and_xeric_shrublands,marginality
(Intercept),1.4081088365877243,0.14811107485210293,9.507113752255181,0,6.21352116766165e-4,0.4333567926931177,0.09658951440592993,0.7045929992856051,AMPHIBIA,low,mangroves,marginality
log(low.age + 1),-0.02585629241263955,0.023613728941028235,-1.0949686293601397,0.2743564165002734,6.21352116766165e-4,0.4333567926931177,0.09658951440592993,0.7045929992856051,AMPHIBIA,low,mangroves,marginality
(Intercept),1.4095918927326427,0.1497247537221136,9.4145547592539,0,3.488764159877527e-4,0.43462955117438534,0.09667467217301516,0.7054023193851932,AMPHIBIA,int,mangroves,marginality
log(int.age + 1),-0.028031453900964037,0.026586173938216186,-1.054362089336606,0.29251508809005733,3.488764159877527e-4,0.43462955117438534,0.09667467217301516,0.7054023193851932,AMPHIBIA,int,mangroves,marginality
(Intercept),1.4139853345457232,0.15184995331555898,9.311727160082322,0,2.647266316853991e-4,0.43524780498610766,0.09636726861386269,0.705903615609215,AMPHIBIA,high,mangroves,marginality
log(high.age + 1),-0.03212964173807474,0.030849211326334124,-1.0415060987522746,0.29842941252758837,2.647266316853991e-4,0.43524780498610766,0.09636726861386269,0.705903615609215,AMPHIBIA,high,mangroves,marginality
(Intercept),1.3129178993799684,0.20251541920444927,6.483051535224156,2.5090285404871793e-10,0.0018474532133017046,0.6355829266416502,0.45788871945194604,0.7709013816256587,AMPHIBIA,low,Tropical_&_subtropical_dry_broadleaf_forests,marginality
log(low.age + 1),-0.02904124935079234,0.021738229450183142,-1.3359528390913948,0.1822829761456104,0.0018474532133017046,0.6355829266416502,0.45788871945194604,0.7709013816256587,AMPHIBIA,low,Tropical_&_subtropical_dry_broadleaf_forests,marginality
(Intercept),1.3167535288714525,0.20326802241419512,6.4779177424589225,2.587903225048649e-10,0.0019804388991714874,0.6364205022803072,0.45890704635473195,0.7714136304614879,AMPHIBIA,int,Tropical_&_subtropical_dry_broadleaf_forests,marginality
log(int.age + 1),-0.03277090945732147,0.024150030401508198,-1.3569717682539602,0.1755138341070055,0.0019804388991714874,0.6364205022803072,0.45890704635473195,0.7714136304614879,AMPHIBIA,int,Tropical_&_subtropical_dry_broadleaf_forests,marginality
(Intercept),1.3241275790068332,0.20422980660863657,6.483517763615401,2.5019852856189573e-10,0.002343848246926725,0.6369755331475152,0.45980044028702954,0.7716326217653563,AMPHIBIA,high,Tropical_&_subtropical_dry_broadleaf_forests,marginality
log(high.age + 1),-0.03897744051413688,0.027587941433208665,-1.4128433833493006,0.1584371345249891,0.002343848246926725,0.6369755331475152,0.45980044028702954,0.7716326217653563,AMPHIBIA,high,Tropical_&_subtropical_dry_broadleaf_forests,marginality
(Intercept),1.266181949900017,0.1918342829317917,6.600394520463367,4.3919712311435433e-10,-0.0030270361362250346,0.6406467631694659,0.1776318074117151,0.8522113409944093,AMPHIBIA,low,Tropical_&_subtropical_coniferous_forests,marginality
log(low.age + 1),-0.018607544212203828,0.027715647126304366,-0.6713732545159943,0.502838703475772,-0.0030270361362250346,0.6406467631694659,0.1776318074117151,0.8522113409944093,AMPHIBIA,low,Tropical_&_subtropical_coniferous_forests,marginality
(Intercept),1.264688090064099,0.1929511826398472,6.554445910936453,5.635294453298911e-10,-0.0033681231619854066,0.6413787354797187,0.17834322769251823,0.8525302790760232,AMPHIBIA,int,Tropical_&_subtropical_coniferous_forests,marginality
log(int.age + 1),-0.019227403119857982,0.030825684334122364,-0.6237461887772038,0.5335795666628371,-0.0033681231619854066,0.6413787354797187,0.17834322769251823,0.8525302790760232,AMPHIBIA,int,Tropical_&_subtropical_coniferous_forests,marginality
(Intercept),1.2652898776784816,0.19480560007504388,6.495141193020431,7.762417375545283e-10,-0.0035551379500900087,0.6427020955436593,0.17993503133738586,0.8529888899719827,AMPHIBIA,high,Tropical_&_subtropical_coniferous_forests,marginality
log(high.age + 1),-0.020928583106246332,0.03511304382583892,-0.5960344312515978,0.5518968580770196,-0.0035551379500900087,0.6427020955436593,0.17993503133738586,0.8529888899719827,AMPHIBIA,high,Tropical_&_subtropical_coniferous_forests,marginality
(Intercept),1.1095157507737365,0.11454915359573385,9.68593582707239,2.802920118227803e-10,-0.02590454371852129,1e-6,NA,0.9727828165698608,AMPHIBIA,low,Temperate_broadleaf_&_mixed_forests,marginality
log(low.age + 1),-0.029470888898896597,0.05444632963731798,-0.541283298529218,0.5927509459008335,-0.02590454371852129,1e-6,NA,0.9727828165698608,AMPHIBIA,low,Temperate_broadleaf_&_mixed_forests,marginality
(Intercept),1.1028708138920216,0.12239291474237973,9.010904072457242,1.2625831491419603e-9,-0.029611279594462983,1e-6,NA,0.9721875368522298,AMPHIBIA,int,Temperate_broadleaf_&_mixed_forests,marginality
log(int.age + 1),-0.027093010628186587,0.06139622253397204,-0.44128139338206607,0.6625230032881628,-0.029611279594462983,1e-6,NA,0.9721875368522298,AMPHIBIA,int,Temperate_broadleaf_&_mixed_forests,marginality
(Intercept),1.0950108068702065,0.13156024905289548,8.323264928070662,6.221738457767856e-9,-0.032575005777047056,1e-6,NA,0.9703541490968599,AMPHIBIA,high,Temperate_broadleaf_&_mixed_forests,marginality
log(high.age + 1),-0.024077576193641814,0.07048965479577224,-0.34157602648787433,0.7353142155733967,-0.032575005777047056,1e-6,NA,0.9703541490968599,AMPHIBIA,high,Temperate_broadleaf_&_mixed_forests,marginality
(Intercept),1.4142363952984058,0.13403821168094926,10.550994209507273,0,0.0018116762881341686,0.31117813554244617,0.08830138228954341,0.5436436879559573,AMPHIBIA,low,Tropical_&_subtropical_grasslands_savannas_and_shrublands,marginality
log(low.age + 1),-0.02934054503969348,0.022706286296912105,-1.2921771819499865,0.19710662847135607,0.0018116762881341686,0.31117813554244617,0.08830138228954341,0.5436436879559573,AMPHIBIA,low,Tropical_&_subtropical_grasslands_savannas_and_shrublands,marginality
(Intercept),1.4191754427570207,0.13471118346735791,10.534948964359023,0,0.0021486896076206466,0.31097289018706614,0.08769143081613691,0.5436854496546032,AMPHIBIA,int,Tropical_&_subtropical_grasslands_savannas_and_shrublands,marginality
log(int.age + 1),-0.03324962810693785,0.024820249097629907,-1.3396170189973182,0.1811965712251944,0.0021486896076206466,0.31097289018706614,0.08769143081613691,0.5436854496546032,AMPHIBIA,int,Tropical_&_subtropical_grasslands_savannas_and_shrublands,marginality
(Intercept),1.4246872320439414,0.13564001946419182,10.503443140687919,0,0.0024219968376396716,0.3105422946892157,0.086805465371834,0.5435717242203321,AMPHIBIA,high,Tropical_&_subtropical_grasslands_savannas_and_shrublands,marginality
log(high.age + 1),-0.03851477282857081,0.027971847660900374,-1.3769120043652874,0.16937648545908668,0.0024219968376396716,0.3105422946892157,0.086805465371834,0.5435717242203321,AMPHIBIA,high,Tropical_&_subtropical_grasslands_savannas_and_shrublands,marginality
(Intercept),1.2307211304434311,0.0924548124019309,13.311596210839618,0,0.09305992375552664,1e-6,NA,0.7348490716869512,AMPHIBIA,low,Temperate_grasslands_savannas_and_ shrublands,marginality
log(low.age + 1),0.12499801612755501,0.045751697835978974,2.732095682561905,0.008187286917433534,0.09305992375552664,1e-6,NA,0.7348490716869512,AMPHIBIA,low,Temperate_grasslands_savannas_and_ shrublands,marginality
(Intercept),1.2175629528299456,0.09898213035818862,12.300836003669815,0,0.08820760027964185,1e-6,NA,0.7424535021135018,AMPHIBIA,int,Temperate_grasslands_savannas_and_ shrublands,marginality
log(int.age + 1),0.13723976063887378,0.051524487800363616,2.6635832105817703,0.009838970762582333,0.08820760027964185,1e-6,NA,0.7424535021135018,AMPHIBIA,int,Temperate_grasslands_savannas_and_ shrublands,marginality
(Intercept),1.2033259860248933,0.10659961800685729,11.28827671734702,0,0.08288777711325042,1e-6,NA,0.7496896011154703,AMPHIBIA,high,Temperate_grasslands_savannas_and_ shrublands,marginality
log(high.age + 1),0.15259077077839045,0.058977885618234784,2.5872540051047954,0.012033128500412715,0.08288777711325042,1e-6,NA,0.7496896011154703,AMPHIBIA,high,Temperate_grasslands_savannas_and_ shrublands,marginality
(Intercept),1.1890647414223867,0.11279915454872667,10.54143310009241,0,-0.007268223763177275,1e-6,NA,0.44738800238520765,AMPHIBIA,low,Flooded_grasslands_and_savannas,marginality
log(low.age + 1),-0.013592052156451206,0.054609514562621794,-0.24889531183920222,0.803837596562035,-0.007268223763177275,1e-6,NA,0.44738800238520765,AMPHIBIA,low,Flooded_grasslands_and_savannas,marginality
(Intercept),1.1931079277291587,0.11813450690393162,10.099571742398757,0,-0.007171321612672049,1e-6,NA,0.44893466393124404,AMPHIBIA,int,Flooded_grasslands_and_savannas,marginality
log(int.age + 1),-0.01625441775541958,0.05960512443513843,-0.27270168310960313,0.7855185873827573,-0.007171321612672049,1e-6,NA,0.44893466393124404,AMPHIBIA,int,Flooded_grasslands_and_savannas,marginality
(Intercept),1.1992877263666015,0.125054749798496,9.590101361995808,0,-0.007010234133736537,1e-6,NA,0.4513431195364239,AMPHIBIA,high,Flooded_grasslands_and_savannas,marginality
log(high.age + 1),-0.02059053020020496,0.06679967504651245,-0.308242969533427,0.7583946388122023,-0.007010234133736537,1e-6,NA,0.4513431195364239,AMPHIBIA,high,Flooded_grasslands_and_savannas,marginality
