"species_name","marginality","specialization"
"Abrawayaomys_ruschii",1.33349899038158,7.09467819558433
"Abrocoma_bennettii",3.33077152207392,23.2064250699252
"Abrocoma_cinerea",4.02660241629638,11.2111818617319
"Abrocoma_shistacea",3.42384839719106,77.4896466523738
"Abrothrix_andinus",4.10973980582759,5.01562587003789
"Abrothrix_jelskii",3.92223832638993,7.94212856682538
"Abrothrix_lanosus",4.36854939342822,15.1823084700899
"Abrothrix_longipilis",3.4492739597091,3.83261556407247
"Abrothrix_manni",3.2452064936354,16.8994987815652
"Abrothrix_olivaceus",3.27267076418766,2.24326360543795
"Aconaemys_fuscus",3.74625682540667,24.6416036333162
"Aegialomys_xanthaeolus",1.98512135943251,3.44246530552891
"Aepeomys_lugens",2.1667150949345,16.8093612763382
"Aepeomys_reigi",1.57136237442042,12.8542928368681
"Akodon_aerosus",1.52549745846119,5.45416568510915
"Akodon_affinis",3.02989543117707,8.34010028630102
"Akodon_albiventer",4.38877170119678,15.994116528054
"Akodon_azarae",2.20866731181181,6.18650468069572
"Akodon_boliviensis",3.60426613308175,8.24202637006754
"Akodon_budini",2.1055846513333,30.9390317438015
"Akodon_cursor",0.823125072198487,4.02291560644067
"Akodon_dayi",1.24467702544519,5.21479208311924
"Akodon_dolores",2.92236863709345,6.79829770467588
"Akodon_fumeus",1.5610388349199,5.17985214632826
"Akodon_iniscatus",3.44321214491803,9.59521378434361
"Akodon_juninensis",3.12666596981434,10.6731162839175
"Akodon_kofordi",1.93654818652831,13.4286240907231
"Akodon_lutescens",3.19286628993726,9.37501204149907
"Akodon_mimus",3.04491691468327,11.4384261162836
"Akodon_molinae",3.23797853405791,14.4491817066029
"Akodon_mollis",1.73926964883902,3.68482666937855
"Akodon_montensis",1.43173028375076,4.01665039083865
"Akodon_orophilus",1.79013457988916,12.0542993586337
"Akodon_paranaensis",2.16758540414797,4.68736739484999
"Akodon_polopi",2.39608132982881,29.7611384929662
"Akodon_reigi",2.8407809120749,19.3391519257346
"Akodon_serrensis",1.59906665928201,4.41057875581253
"Akodon_siberiae",1.76069888171849,7.55129635106105
"Akodon_simulator",2.38231089987494,9.53463360477367
"Akodon_spegazzinii",3.02269421596052,8.03030679768574
"Akodon_subfuscus",3.55483873432147,6.91646049348774
"Akodon_surdus",2.20598865230897,15.1478843131903
"Akodon_sylvanus",2.24696356007444,37.9466811268212
"Akodon_toba",1.7353193943399,8.64533296807953
"Akodon_torques",1.77579818860097,9.38476779425029
"Alouatta_arctoidea",1.75588517410892,5.45619959758553
"Alouatta_belzebul",2.02297239699939,5.56383108132489
"Alouatta_caraya",1.11452848798473,3.13339525057563
"Alouatta_discolor",2.10237226476765,10.2010599335868
"Alouatta_guariba",1.30689778826677,3.04506808362048
"Alouatta_juara",2.63006539342104,4.16632981100923
"Alouatta_macconnelli",2.17278675299281,5.08376881617205
"Alouatta_nigerrima",2.19606061968451,12.862964485378
"Alouatta_pigra",1.08145794575687,4.97215170397302
"Alouatta_puruensis",1.25413163989713,7.97021243877053
"Alouatta_sara",1.49469774669583,7.32434555083344
"Alouatta_seniculus",2.55444961693121,4.02359684063202
"Alouatta_ululata",2.67784749190712,10.0728036503386
"Ametrida_centurio",1.63523855969071,3.28678305302248
"Ammospermophilus_leucurus",3.02261214878135,34.6953729109624
"Amorphochilus_schnablii",2.110373318406,18.1099778109502
"Andalgalomys_olrogi",2.76993338435017,21.0353334855553
"Andalgalomys_pearsoni",1.6953395694535,22.1832084544605
"Andinomys_edax",3.53552594259892,20.1365052051822
"Anoura_caudifer",1.00980829067254,1.79944544179686
"Anoura_cultrata",1.64719434191069,3.73228022298355
"Anoura_latidens",1.66128798195654,3.15562979972551
"Anoura_luismanueli",1.86412866056074,5.60420930549163
"Antrozous_pallidus",2.07842878618176,3.17264439119401
"Aotus_azarae",1.1173559573035,5.40802893542463
"Aotus_brumbacki",2.60021936382313,6.90159525791051
"Aotus_griseimembra",1.78951965580259,4.30247777301428
"Aotus_lemurinus",2.37880334562892,4.97538330469473
"Aotus_miconax",1.86779129347851,16.5627137676503
"Aotus_nancymaae",2.63122841245002,12.7029661243651
"Aotus_nigriceps",1.3350659777928,6.84345292397968
"Aotus_trivirgatus",2.52259210791829,5.46088028349991
"Aotus_vociferans",3.63117371186757,6.31560816297768
"Aotus_zonalis",4.16029870622251,5.06915053326226
"Artibeus_amplus",1.65314790192568,3.09915996290847
"Artibeus_concolor",1.70046523075706,3.56480117668605
"Artibeus_fimbriatus",1.07435435437191,2.61337100632377
"Artibeus_fraterculus",1.88899793040235,3.34321683679212
"Artibeus_hirsutus",2.79938991219103,8.36548912309299
"Artibeus_jamaicensis",0.94886551361472,2.05343494518563
"Artibeus_lituratus",0.888591695543373,1.66614857385948
"Artibeus_obscurus",1.01500572829313,2.01811153001286
"Artibeus_planirostris",1.18631464231214,1.81074191668534
"Ateles_belzebuth",2.87063875903308,4.3696418289056
"Ateles_chamek",1.35672366823695,4.68299773710238
"Ateles_fusciceps",3.25972286558903,15.7740086342979
"Ateles_geoffroyi",2.05576866581276,11.3610536434467
"Ateles_hybridus",1.75196917025601,4.35965867364049
"Ateles_marginatus",1.73845778542328,9.14869942317204
"Ateles_paniscus",2.26949406269324,9.85583018808758
"Atelocynus_microtis",2.06718106860034,5.66532859969417
"Auliscomys_boliviensis",3.8956571169109,10.2987813599172
"Auliscomys_pictus",3.82258886110388,9.67621377699938
"Auliscomys_sublimis",4.40512418546575,9.88604383790909
"Baiomys_musculus",1.92164824015448,3.19195470313798
"Baiomys_taylori",2.5099122927055,4.67752258128239
"Balantiopteryx_infusca",2.52205627757019,69.5211474911087
"Balantiopteryx_io",1.17809033652559,4.78211675661162
"Balantiopteryx_plicata",1.59130677066211,2.43687323519696
"Bassaricyon_alleni",2.17637433622069,4.06445455646316
"Bassaricyon_gabbii",1.83767950489086,4.86823742486299
"Bassaricyon_medius",3.46766293996329,4.87822252967148
"Bassaricyon_neblina",2.67027471653751,6.71432871559131
"Bassariscus_sumichrasti",0.985002178636283,2.9844607752379
"Bauerus_dubiaquercus",1.08429834788075,3.62871541152312
"Bibimys_chacoensis",2.13275300884088,15.4184906858356
"Bibimys_labiosus",1.38623707703486,4.75716603867143
"Bibimys_torresi",2.46304472685679,62.1391204501863
"Blarinomys_breviceps",1.15630375167427,4.03392933200999
"Brachyteles_arachnoides",1.84418088075131,13.2649219236949
"Brachyteles_hypoxanthus",1.09741398970135,12.1173042053339
"Bradypus_tridactylus",2.06187510900393,6.86330926624628
"Bradypus_variegatus",1.02767907385141,2.06987557487614
"Brucepattersonius_iheringi",2.58725366514508,6.83460804682803
"Cacajao_ayresi",3.22339520242742,72.2133823390308
"Cacajao_calvus",3.16341002538576,32.9318670396197
"Cacajao_hosomi",3.69571081518239,23.9622254072492
"Cacajao_melanocephalus",3.48561457087038,9.74522766981193
"Caenolestes_caniventer",2.18322401852706,7.33416796025
"Caenolestes_convelatus",2.56285672088329,16.9002468900719
"Caenolestes_fuliginosus",2.34300891320933,4.40807411400175
"Callibella_humilis",2.26036202254189,128.818047657115
"Callicebus_barbarabrownae",1.08514470883322,7.74238384077054
"Callicebus_coimbrai",1.51777181639241,8.83702185592872
"Callicebus_melanochir",1.65004953915254,6.43548768712645
"Callicebus_nigrifrons",1.66726609653574,7.95648595005398
"Callicebus_personatus",0.873067564748726,13.1105049605598
"Callimico_goeldii",2.50976322441647,8.16453875786035
"Callistomys_pictus",2.60293306987639,12.644561546784
"Callithrix_aurita",1.5491718050404,7.54096550450485
"Callithrix_flaviceps",0.90088619639102,67.5563121109885
"Callithrix_geoffroyi",0.718144545480076,9.29488179444215
"Callithrix_jacchus",1.94859212279253,4.0718890042696
"Callithrix_kuhlii",1.42045932319356,11.1293004840898
"Callithrix_penicillata",1.44019341888928,5.55267434071557
"Calomys_boliviae",1.47355697123053,4.97914099133732
"Calomys_callidus",1.98245864416297,29.9909515097924
"Calomys_callosus",1.08546986110464,3.85012063384325
"Calomys_expulsus",1.59249379080311,5.7230986245234
"Calomys_fecundus",1.73223893419747,13.9097972522738
"Calomys_hummelincki",1.96331125690987,4.57753760957459
"Calomys_laucha",1.82842009173522,3.73608683263298
"Calomys_lepidus",4.07031942560854,8.54330424071906
"Calomys_musculinus",2.47890377521657,3.17177600739793
"Calomys_sorellus",3.68834149494078,8.89175649876861
"Calomys_tener",1.31526480818431,5.24026210036822
"Calomys_tocantinsi",1.79710252983516,31.6388159456212
"Calomys_venustus",2.46046952277997,28.5445458569894
"Caluromys_derbianus",1.50902451251951,2.32818088990196
"Caluromys_lanatus",1.37997354965642,1.79689744374844
"Caluromysiops_irrupta",1.45814314368371,12.5295047842169
"Canis_latrans",1.35398412343358,2.15290425312169
"Capromys_pilorides",1.50469304497918,9.48238247500614
"Carollia_benkeithi",1.07438256739757,3.39181397188804
"Carollia_brevicauda",1.22853314165416,2.34610248315487
"Carollia_castanea",1.81164815890284,2.75204977623538
"Carollia_manu",2.4528522321452,10.7696049935507
"Carollia_sowelli",0.954547951758427,2.56349172379648
"Carollia_subrufa",1.23526283191459,3.38045615498356
"Catagonus_wagneri",1.80750087153494,12.5161520049204
"Cavia_aperea",0.568641609093919,1.54375192589225
"Cavia_fulgida",0.981024048381513,4.40131793769256
"Cavia_magna",2.7508971126644,7.81455931583263
"Cavia_tschudii",2.78313977525018,3.67804455648753
"Cebuella_pygmaea",4.07993887709591,9.50345155423075
"Cebus_albifrons",2.89431124744323,7.60770019625047
"Cebus_capucinus",3.50481111729854,3.88965295893682
"Cebus_kaapori",2.81571669742405,14.7785023082656
"Cebus_olivaceus",1.80009096118826,4.31643093409754
"Centronycteris_centralis",1.9565248678013,2.90063239863124
"Centronycteris_maximiliani",1.61512488387369,2.97195665843574
"Centurio_senex",0.971038985501368,1.93154898296197
"Cerdocyon_thous",0.488169859798585,1.41986765317745
"Cerradomys_marinhus",1.752598478309,40.5548413226637
"Cerradomys_scotti",1.37594199736912,5.87397751107711
"Cerradomys_subflavus",1.20286441558319,3.40884004492045
"Chacodelphys_formosa",1.63433578835705,176.535120083288
"Chaetodipus_artus",3.07119366681736,12.7314679137747
"Chaetodipus_goldmani",3.28341382781008,21.4948374504095
"Chaetodipus_hispidus",2.61375461476816,9.98093648820111
"Chaetodipus_pernix",3.14600813413166,14.5039219184136
"Chaetodipus_spinatus",2.96275484249101,29.0897702992478
"Chaetomys_subspinosus",1.48889183392539,5.46908867722243
"Chelemys_macronyx",3.50716913053273,4.65568812855518
"Chelemys_megalonyx",2.8484807963337,12.072869426695
"Chilomys_instans",2.32150597935531,4.39625147162648
"Chinchilla_chinchilla",4.29899737136351,19.3996268318515
"Chinchilla_lanigera",3.46024570776984,147.066268010515
"Chinchillula_sahamae",4.27558988090597,19.5714857219504
"Chiroderma_doriae",0.854572193535751,3.55008252742482
"Chiroderma_salvini",0.882196374561264,2.20112272123386
"Chiroderma_villosum",1.26094623188857,2.3341059518503
"Chiropotes_albinasus",1.36874364416169,8.08314277299052
"Chiropotes_chiropotes",2.25969928656876,5.62490082733585
"Chiropotes_satanas",2.5433728333505,11.7203496940215
"Chiropotes_utahickae",1.80001116154925,9.92003730084904
"Choeroniscus_godmani",1.43256278523912,2.54574103945203
"Choeroniscus_minor",1.78827315751269,2.7637197913226
"Choeroniscus_periosus",6.84010475850444,8.79786493583172
"Choeronycteris_mexicana",2.21975648666648,3.11296624992993
"Choloepus_didactylus",2.35925587798231,4.85978233979155
"Choloepus_hoffmanni",1.39044574737285,3.04740813774294
"Chrotopterus_auritus",0.899355607577243,1.64227320321079
"Chrysocyon_brachyurus",0.988037828169552,2.74386860158758
"Clyomys_laticeps",1.12043830880389,5.06484086557527
"Coendou_bicolor",2.19226128161449,4.33579539765165
"Coendou_insidiosus",1.26673293075669,5.18071357838344
"Coendou_melanurus",2.14835282541547,5.64195941582195
"Coendou_mexicanus",0.970413550990623,2.52917582190636
"Coendou_pruinosus",1.2572390571911,4.18992047092646
"Coendou_rufescens",2.15187285762074,3.09641100805382
"Coendou_spinosus",1.46383493429909,3.08379486286279
"Conepatus_chinga",1.70978535930369,1.4507580316906
"Conepatus_humboldtii",3.54796557486696,6.02361326367953
"Conepatus_leuconotus",1.88203597529077,2.557328917874
"Conepatus_semistriatus",1.21453958870133,2.0726047746626
"Cormura_brevirostris",1.58610138411825,3.64339924501309
"Cratogeomys_fulvescens",3.35514828558528,23.3469566440842
"Cratogeomys_merriami",2.81059725090756,37.6792662550749
"Cratogeomys_perotensis",2.71174652565496,58.849055319107
"Cratogeomys_planiceps",2.62743316487674,51.0298357143663
"Cryptonanus_chacoensis",1.50790344363901,4.902405701348
"Cryptotis_colombiana",3.3350046021988,22.2709377088634
"Cryptotis_equatoris",2.76427681870135,4.48012701221333
"Cryptotis_goldmani",1.92145073418141,7.60214400273473
"Cryptotis_goodwini",1.52598680869681,6.67113172548993
"Cryptotis_gracilis",2.17372424145743,11.1307586555254
"Cryptotis_magna",1.25946226559887,10.8541007398933
"Cryptotis_mayensis",1.35307159923674,10.3288354374238
"Cryptotis_medellinia",3.00769942084581,9.65902582018393
"Cryptotis_meridensis",2.18864459866397,16.0391955528431
"Cryptotis_merriami",0.878904198860536,4.64679363500038
"Cryptotis_mexicana",1.25062371850477,4.47957626324977
"Cryptotis_montivaga",2.72591071939861,5.90098736781459
"Cryptotis_nigrescens",2.0867690659647,7.87022557268949
"Cryptotis_obscura",1.39730631508165,14.9583759307612
"Cryptotis_parva",1.71853796578928,3.14124849768007
"Cryptotis_phillipsii",1.96464688598629,28.2514311639688
"Cryptotis_squamipes",2.87273555943522,6.56663209610626
"Cryptotis_tamensis",2.30323468423081,9.08377184353159
"Cryptotis_thomasi",2.34599795513614,9.33272490780704
"Ctenomys_argentinus",1.62663037318028,49.4972157210977
"Ctenomys_australis",2.76945882190435,24.4319493694605
"Ctenomys_azarae",3.34216748300706,171.739212990671
"Ctenomys_bergi",2.38213007545641,184.852292273087
"Ctenomys_boliviensis",1.7169984328903,17.5438935706899
"Ctenomys_bonettoi",1.6424842438527,80.0775446741547
"Ctenomys_conoveri",1.92824230551269,16.5674654831437
"Ctenomys_dorbignyi",2.0392037247444,20.0023462302895
"Ctenomys_emilianus",3.74750745565386,34.277906027323
"Ctenomys_flamarioni",2.95105222049682,9.77651705939133
"Ctenomys_frater",2.54821058971907,13.6357691740942
"Ctenomys_goodfellowi",1.06479365055198,38.0285331929408
"Ctenomys_haigi",3.6910224493486,22.1385791179514
"Ctenomys_lami",2.89333069775592,33.1498181667528
"Ctenomys_latro",2.42158931434808,43.7639964523234
"Ctenomys_leucodon",4.01307352911126,46.460104889337
"Ctenomys_lewisi",3.21396388755552,125.127377204503
"Ctenomys_magellanicus",4.01730722338381,8.29074884586386
"Ctenomys_maulinus",3.60339406891732,16.7326846516272
"Ctenomys_mendocinus",3.31874184204216,16.2827309593552
"Ctenomys_occultus",2.61426822021831,11.7560008955161
"Ctenomys_opimus",4.41711895777014,19.5711225271307
"Ctenomys_osvaldoreigi",2.37457764636004,28.2836713894514
"Ctenomys_pearsoni",2.80637435736486,26.3543842122017
"Ctenomys_perrensi",2.07231126086116,26.1367907660441
"Ctenomys_peruanus",4.25668470950619,74.4408044926001
"Ctenomys_pilarensis",1.81914276601276,29.7628892067466
"Ctenomys_porteousi",2.82579713027541,33.7593033420166
"Ctenomys_pundti",2.51412320655947,83.0086621317989
"Ctenomys_rionegrensis",2.36053742887429,19.9252218831408
"Ctenomys_sociabilis",3.66224430275857,25.1687018528399
"Ctenomys_steinbachi",1.40661232085865,19.0670038433913
"Ctenomys_talarum",2.68553530241805,15.8544790818109
"Ctenomys_torquatus",2.55048954602779,8.81475029791614
"Cuniculus_paca",0.972490849017482,1.62865418188054
"Cuniculus_taczanowskii",1.78430170466746,4.25119964531462
"Cyclopes_didactylus",2.04845119570182,4.14036786507166
"Cynomops_greenhalli",1.96781041117641,2.90630869668814
"Cynomops_mexicanus",1.92646711245221,43.167210808675
"Cynomops_planirostris",1.02821739665473,1.92280620230128
"Cyttarops_alecto",2.24874884844814,7.5273358329305
"Dactylomys_boliviensis",1.90909134448316,11.435371818559
"Dactylomys_dactylinus",1.58899185184878,5.15469789943887
"Dasyprocta_fuliginosa",2.5980669738857,5.22174520085705
"Dasyprocta_guamara",2.31005871691346,75.0016911794793
"Dasyprocta_leporina",1.07177041004516,2.68773410495752
"Dasyprocta_prymnolopha",1.47779238765041,3.14548377413806
"Dasyprocta_punctata",1.35573569142593,2.42946964242673
"Dasypus_hybridus",2.03264333416089,5.41449680087208
"Dasypus_kappleri",1.80085494344367,3.87287797957595
"Dasypus_sabanicola",2.38732823851249,7.57189801032596
"Dasypus_septemcinctus",0.782943536157235,2.32829235287689
"Delomys_collinus",1.66799979502189,9.73076382928356
"Delomys_dorsalis",1.94567344904248,4.85978536543247
"Delomys_sublineatus",1.57737360203774,7.77327211782
"Dermanura_anderseni",1.65362481212942,3.52895346167415
"Dermanura_bogotensis",1.81064599358227,4.17759969298065
"Dermanura_phaeotis",1.568670424618,2.48844732173996
"Dermanura_watsoni",1.98206677122743,2.76659343399593
"Desmodus_rotundus",0.429484968105803,1.15239751380749
"Diclidurus_scutatus",2.23042893154621,4.27545779021128
"Didelphis_albiventris",0.988526894446818,2.00201135059358
"Didelphis_aurita",0.965611155810899,2.95890759261675
"Didelphis_imperfecta",2.22591064195469,5.10420264453063
"Didelphis_pernigra",1.450646689613,2.32841964401226
"Didelphis_virginiana",1.29212447729277,2.34790489908026
"Dinomys_branickii",2.0034638313218,4.65736545417325
"Diphylla_ecaudata",0.704628143102119,1.87557164948533
"Diplomys_labilis",4.67509787507218,5.96450959918758
"Dipodomys_merriami",2.67106865277901,5.53879510090171
"Dipodomys_ordii",2.73934040771535,13.9961609718607
"Dipodomys_phillipsii",2.65763600469052,8.14790771543764
"Dolichotis_patagonum",2.84690415762254,4.34310478481027
"Dolichotis_salinicola",1.95473993741098,7.1018859479138
"Dromiciops_gliroides",3.14054831676008,9.60851072830179
"Drymoreomys_albimaculatus",1.81123942053317,10.1971241131536
"Echimys_chrysurus",2.23696942631568,5.76345206994097
"Ectophylla_alba",2.11583028701864,4.96417068237462
"Eligmodontia_moreni",3.20830466578321,25.4160907255546
"Eligmodontia_morgani",3.75683130743912,7.59549082864925
"Eligmodontia_puerulus",4.30151154335068,13.7765732891348
"Eligmodontia_typus",3.18101070432691,7.47713328290312
"Enchisthenes_hartii",0.995192318457209,2.06282797602223
"Eptesicus_andinus",1.61650810751311,3.6970577190098
"Eptesicus_brasiliensis",0.945537208620381,1.77543663283002
"Eptesicus_diminutus",0.898195058362781,2.45616080923035
"Eptesicus_furinalis",0.542327826273376,1.20213053795496
"Eptesicus_fuscus",0.81474510670356,1.59955817701935
"Eumops_bonariensis",1.86490200988035,5.43881098815413
"Eumops_dabbenei",0.726204282504241,2.008458358964
"Eumops_glaucinus",1.05313355863795,1.81971322959363
"Eumops_hansae",1.7474914794196,3.52373453199126
"Eumops_patagonicus",1.64067507832731,3.6909715519213
"Eumops_perotis",0.691038334131018,1.67024003606044
"Eumops_trumbulli",2.03600989824452,5.10606253896819
"Eumops_underwoodi",1.66488298038776,2.5852249238012
"Euneomys_mordax",4.0619388941482,23.0278153417588
"Euneomys_petersoni",3.70721810884569,6.68240426954237
"Euryoryzomys_lamia",1.49589571049208,20.4781642977092
"Euryoryzomys_legatus",1.68134334156306,12.882813825692
"Euryoryzomys_macconnelli",2.14203958389124,3.93356223051535
"Euryoryzomys_nitidus",1.43339313465819,4.81494000843342
"Euryoryzomys_russatus",1.26202881610596,3.34127172342664
"Euryzygomatomys_spinosus",1.471444028979,3.50503429437917
"Furipterus_horrens",1.27515266746917,2.25674427548569
"Galea_flavidens",1.55773209752266,44.7956293423383
"Galea_spixii",1.62854824571298,3.58839992846833
"Galictis_cuja",1.14715762701938,1.34564705061764
"Galictis_vittata",1.31199610390815,2.79075005852015
"Geoxus_valdivianus",3.30223655598492,4.05980297562813
"Glaucomys_volans",1.36323387396286,3.02637867037627
"Glironia_venusta",1.51761244021957,4.68624750867018
"Glossophaga_commissarisi",1.81091269177986,2.79797260003878
"Glossophaga_leachii",1.30757498337511,3.12466410372006
"Glossophaga_morenoi",2.00982773350796,4.41243034086908
"Glossophaga_soricina",0.80782941104003,1.5178826531308
"Glyphonycteris_daviesi",2.11651148978262,4.98510894076188
"Gracilinanus_aceramarcae",2.37242845468837,13.4478985471343
"Gracilinanus_agilis",1.05313280379568,2.55470966404354
"Gracilinanus_dryas",1.83473792703309,8.77053701429676
"Gracilinanus_marica",1.32210492636998,4.21638854120916
"Graomys_domorum",1.79598870249845,11.6267204531033
"Graomys_griseoflavus",2.1194836513563,4.74035256724389
"Habromys_lophurus",1.89378886751591,6.99697987718722
"Habromys_simulatus",1.10601722768555,7.23580573066406
"Handleyomys_chapmani",1.08929795822897,5.35414823550152
"Handleyomys_fuscatus",2.86703228124362,6.3717987180304
"Handleyomys_intectus",3.11281490060831,12.7588552234969
"Handleyomys_melanotis",2.59982567273141,8.80996969089629
"Handleyomys_rhabdops",2.14446275066405,25.5300976206922
"Handleyomys_rostratus",1.15315190856736,2.89550404078197
"Handleyomys_saturatior",0.979901665525127,4.40634877154027
"Herpailurus_yagouaroundi",0.668395847860526,1.33368356883327
"Heteromys_anomalus",1.56637171135123,3.97778864986884
"Heteromys_australis",3.74390567048426,5.23956179693109
"Heteromys_catopterius",1.25919487818948,8.43474907860004
"Heteromys_desmarestianus",0.954707281337503,2.90736993812837
"Heteromys_gaumeri",1.29000560071141,10.2851800495982
"Heteromys_nelsoni",1.84958249568104,28.352902431391
"Heteromys_oasicus",2.20358060806271,44.6228250886602
"Heteromys_teleus",3.30727283281991,9.4395598691084
"Hippocamelus_antisensis",3.92132450531259,10.0738734440579
"Histiotus_laephotis",2.38128121850454,4.78917127857677
"Histiotus_macrotus",2.67135690950813,3.28139304716178
"Histiotus_magellanicus",3.93558731348421,4.1280931753489
"Histiotus_montanus",1.88019080391935,1.11094754831459
"Hodomys_alleni",2.62753865166672,7.37419395223525
"Hoplomys_gymnurus",2.76897136390283,3.20327635651115
"Hyladelphys_kalinowskii",2.01170924502842,5.82361346163982
"Hylaeamys_laticeps",0.809513914588169,5.54857756315795
"Hylaeamys_megacephalus",1.0447588889434,2.3197042007846
"Hylaeamys_oniscus",1.5109295929855,6.09062685053427
"Hylaeamys_perenensis",2.5665965141893,6.61765834981016
"Hylaeamys_yunganus",1.67294208745612,3.61972674382003
"Hylonycteris_underwoodi",1.25991201183789,3.27888851821679
"Ictidomys_mexicanus",2.62320528898944,10.6461586779144
"Irenomys_tarsalis",3.53046433732061,8.21313838792793
"Isothrix_bistriata",1.57415638075129,4.93878079453135
"Isothrix_negrensis",3.21155662642212,15.6693063636303
"Isothrix_pagurus",2.53373664154956,13.1016817896039
"Isothrix_sinnamariensis",2.26415772070744,61.9144005345489
"Isthmomys_flavidus",2.01420553477268,10.1767084634981
"Isthmomys_pirrensis",2.49919527067929,23.8080203037677
"Juliomys_pictipes",1.41078035822543,4.96863762353358
"Juliomys_rimofrons",2.29890160131188,25.2048856954625
"Kannabateomys_amblyonyx",1.4377660326245,3.97082387946087
"Kerodon_rupestris",1.72336475238783,3.87903457556892
"Kunsia_tomentosus",1.33612462851633,10.9571585146856
"Lagidium_viscacia",2.86901989122414,1.8876518868195
"Lagostomus_maximus",2.40974758053685,4.70788714233035
"Lama_guanicoe",3.07995248369607,3.62856125171998
"Lampronycteris_brachyotis",2.07387939301734,4.03507264049073
"Lasionycteris_noctivagans",2.11221668284549,16.6488622077214
"Lasiurus_atratus",1.95825149117122,6.59590804272072
"Lasiurus_blossevillii",0.690261816256945,1.26260451109298
"Lasiurus_cinereus",0.907601570392657,1.45678566623748
"Lasiurus_ega",0.651842280878553,1.42183361791121
"Lasiurus_intermedius",1.25112681234994,2.42661297076163
"Lasiurus_varius",3.37389609502027,2.58203972238037
"Lasiurus_xanthinus",2.66757248333766,4.30241159405039
"Lenoxus_apicalis",1.29232047857288,18.5603071406051
"Leontocebus_cruzlimai",1.74367530558358,51.3595577489804
"Leontocebus_fuscicollis",1.87212679697041,51.7574501576894
"Leontocebus_illigeri",2.57296217000451,17.4969371260493
"Leontocebus_lagonotus",3.95624712606671,8.55915072211689
"Leontocebus_leucogenys",2.22159889086479,10.0700776614831
"Leontocebus_nigricollis",4.12955938457983,15.5075428914155
"Leontocebus_nigrifrons",3.27532395338137,44.3235276258544
"Leontocebus_tripartitus",4.33420292778134,50.4797476545032
"Leontocebus_weddelli",1.4898797422126,8.91941667924661
"Leontopithecus_chrysomelas",2.06287685558415,23.5814566842958
"Leontopithecus_chrysopygus",1.15210437574603,11.6237963198079
"Leontopithecus_rosalia",1.57857289361917,51.7664582191017
"Leopardus_colocolo",1.7533003239309,1.32859309002753
"Leopardus_geoffroyi",2.12747897783217,2.18265454255687
"Leopardus_pardalis",0.807905822176927,1.49582462194422
"Leopardus_tigrinus",1.18126622579798,2.45813043028504
"Leopardus_wiedii",0.956309552116025,1.68703974026454
"Leptonycteris_nivalis",2.03029273037213,3.55225708688874
"Leptonycteris_yerbabuenae",2.00745611765824,2.95958839968856
"Lepus_alleni",3.23127775627973,15.0985820719826
"Lestodelphys_halli",3.6470982373727,12.7317139339641
"Lestoros_inca",1.52282736213605,8.38340665178574
"Lichonycteris_obscura",1.9811043024271,2.40761826196886
"Lionycteris_spurrelli",1.76882134658235,3.16377583967869
"Lonchophylla_concava",1.78782291394129,3.82905699164719
"Lonchophylla_dekeyseri",1.48328161865107,46.6658189107693
"Lonchophylla_hesperia",1.22912595578321,2.70057135353047
"Lonchophylla_mordax",1.50178797605986,15.1620268339351
"Lonchophylla_robusta",2.0204278221296,2.9333083838349
"Lonchophylla_thomasi",1.54551688527104,2.92306757571183
"Lonchorhina_aurita",1.12831128679074,2.1991608055796
"Lonchorhina_fernandezi",2.60658861458638,7.64099123432618
"Lonchorhina_marinkellei",3.93567016856739,17.6243614659471
"Lonchorhina_orinocensis",2.71990826772569,5.35938169799049
"Lonchothrix_emiliae",2.24481740561551,12.3754147097741
"Lophostoma_brasiliense",1.50546430469168,2.66767780977275
"Lophostoma_carrikeri",2.05991547199184,4.20209473374632
"Lophostoma_evotis",1.33882015445949,3.39286180634496
"Lophostoma_schulzi",2.12627567256271,12.0319302674202
"Lophostoma_silvicolum",1.63449853744022,2.21573904147867
"Loxodontomys_micropus",3.45780080800984,4.73279036351837
"Loxodontomys_pikumche",3.45177340708168,17.2663652842223
"Lutreolina_crassicaudata",0.895861356191877,1.71625958392249
"Lutreolina_massoia",1.86853975472212,8.82268355195908
"Lyncodon_patagonicus",2.89270691789985,4.40784949501694
"Macrophyllum_macrophyllum",0.986806967309554,1.80321296073774
"Makalata_didelphoides",1.6478168368721,4.54651258379088
"Makalata_macrura",2.43929683469107,5.64973403993495
"Marmosa_alstoni",1.81441402763501,3.2923636354462
"Marmosa_constantiae",1.13991090008281,4.95220218025143
"Marmosa_demerarae",1.21327825134265,2.84007117684262
"Marmosa_lepida",2.1835150195224,4.25437646077296
"Marmosa_mexicana",0.905585405289056,2.29207494493425
"Marmosa_phaea",2.32331844958877,6.83861167041696
"Marmosa_quichua",1.47032363576134,19.3946627907683
"Marmosa_regina",2.2118676870744,6.12100046857084
"Marmosa_xerophila",2.38338034082988,16.7281185694305
"Marmosops_bishopi",1.22269687065214,4.30481126381085
"Marmosops_impavidus",2.04844591468582,5.95797097550685
"Marmosops_incanus",0.815183354916144,5.03370135337218
"Marmosops_invictus",2.26553709858654,7.31197403894215
"Marmosops_juninensis",1.80608900476035,26.933468833877
"Marmosops_noctivagus",1.97724129333016,4.50724159047326
"Marmosops_ocellatus",1.11123318917427,12.3197689232575
"Marmosops_parvidens",2.24089410541665,5.77943626818923
"Marmosops_paulensis",1.83355942270552,10.3891365931492
"Marmosops_pinheiroi",2.17382715837582,5.69642851761449
"Mazama_bororo",2.46818579099049,25.3479154520225
"Mazama_bricenii",1.7411179499904,5.7479130087083
"Mazama_chunyi",1.50006706152863,7.044941839853
"Mazama_gouazoubira",0.809756593384276,1.94176223128722
"Mazama_nemorivaga",1.52254865965008,3.95512713786382
"Mazama_pandora",1.29043769757257,10.4965936477476
"Mazama_rufina",2.78710158307877,5.94624879839262
"Megadontomys_nelsoni",1.19529657521963,7.12618321803383
"Megadontomys_thomasi",2.20113384345425,39.8843862395029
"Megasorex_gigas",2.63911658489084,13.876952265106
"Melanomys_caliginosus",2.14954815378321,2.84607347653493
"Melanomys_robustulus",4.24846190955925,19.2169026322655
"Mephitis_macroura",1.88141275794083,2.58184191792751
"Mesomys_hispidus",1.9771863978417,4.21376721780468
"Mesomys_occultus",2.91335145224125,52.4493991661699
"Mesomys_stimulax",2.46396022546711,11.4146566757598
"Metachirus_nudicaudatus",1.20171438227918,1.96781536311678
"Mico_acariensis",2.10240206577855,52.7851190449912
"Mico_argentatus",2.4172717797162,13.9350302259747
"Mico_emiliae",1.48142051810861,17.0507839538319
"Mico_humeralifer",2.36942123355533,20.772369940166
"Mico_intermedius",1.34285986167481,48.3154756465966
"Mico_leucippe",2.17877889665847,16.3823883444138
"Mico_marcai",1.29166451176342,137.762649754432
"Mico_mauesi",2.31846298537898,32.753007193062
"Mico_melanurus",1.23435443690479,5.28316433186364
"Mico_nigriceps",1.16325932020283,58.4455723622395
"Mico_rondoni",1.244917121117,35.5445050739084
"Mico_saterei",2.38184739609265,67.9975741941902
"Microakodontomys_transitorius",1.36433147391962,56.1286889606718
"Microcavia_australis",2.75289927352856,3.01159743030494
"Microcavia_niata",4.42180977466887,19.9986534529512
"Microcavia_shiptoni",4.29069303786031,55.2175634716341
"Micronycteris_hirsuta",1.85967765922951,3.01580333592425
"Micronycteris_microtis",1.67301124220156,2.96625875479022
"Micronycteris_minuta",1.0792486283559,2.07206696507216
"Micronycteris_sanborni",1.91383647842301,5.70948286844174
"Microryzomys_altissimus",2.30747962300586,4.60020923230253
"Microryzomys_minutus",1.59655629035282,3.64064156384811
"Microsciurus_alfari",2.28931292355914,4.25194931329178
"Microsciurus_flaviventer",2.39475288093917,4.91503171681469
"Microsciurus_mimulus",3.97016307002917,4.88300944157639
"Microtus_guatemalensis",1.61793121254839,7.14831934621732
"Microtus_mexicanus",2.6564461991639,4.69193024096523
"Microtus_quasiater",1.35870586753184,7.33719737036411
"Mimon_bennettii",0.856510220712605,1.90849883731422
"Mimon_cozumelae",1.45542710079029,2.36327890212585
"Mindomys_hammondi",2.61203335552882,17.525408125454
"Molossops_mattogrossensis",1.21883165475685,2.82640232408505
"Molossops_temminckii",0.630181552602719,1.49875608137736
"Molossus_aztecus",1.17251663879395,2.78781481507617
"Molossus_currentium",0.839475100138909,3.40405675654359
"Molossus_pretiosus",1.65653636274313,2.79235510850188
"Molossus_rufus",0.803229792143973,1.44681928334831
"Molossus_sinaloae",1.02735709777197,2.29621691076427
"Monodelphis_adusta",1.98351511570354,3.85046185925128
"Monodelphis_americana",0.827502981574845,2.79700664498697
"Monodelphis_brevicaudata",2.24078921636507,5.28604513826822
"Monodelphis_dimidiata",1.5990321192202,3.22448777754438
"Monodelphis_domestica",1.27809326292317,3.187322885338
"Monodelphis_emiliae",1.80768495024893,8.13328196425523
"Monodelphis_glirina",1.16117847228529,4.48490476219891
"Monodelphis_kunsi",1.14109669458121,4.52955032827575
"Monodelphis_osgoodi",1.58486002226483,7.3264848638888
"Monodelphis_palliolata",1.49771383978697,6.25465063188048
"Monodelphis_peruviana",1.44181439341891,5.31352361296531
"Monodelphis_scalops",1.46980759869146,4.32038250877837
"Musonycteris_harrisoni",2.71000080333371,18.9360703778402
"Myoprocta_acouchy",2.24643608725726,8.72327614975496
"Myoprocta_pratti",2.7440665556104,4.97556654347185
"Myotis_albescens",0.768556736845275,1.31843507657491
"Myotis_atacamensis",2.45554390306489,26.4612059403765
"Myotis_auriculus",2.31622766015117,4.29174908339279
"Myotis_californicus",2.20976642435172,3.12158086590355
"Myotis_chiloensis",3.37081329677693,2.948742891901
"Myotis_dinellii",2.22365688094762,2.0519506537735
"Myotis_elegans",1.06778910713083,2.62097670381619
"Myotis_fortidens",1.74591234310958,2.92799598089638
"Myotis_keaysi",0.82593454494388,1.62470020864103
"Myotis_lavali",1.01965522755843,12.8780024845389
"Myotis_levis",1.97959571608906,3.86300994168742
"Myotis_melanorhinus",2.62877363883684,4.21181279935748
"Myotis_nigricans",0.845314371178079,1.47862586253352
"Myotis_occultus",2.80396562160249,16.1324138418989
"Myotis_oxyotus",1.08435189129901,2.08375408883454
"Myotis_peninsularis",3.21931781018371,413.533009556771
"Myotis_riparius",0.825876742521502,1.37929691841019
"Myotis_ruber",1.48726826208998,3.00302982955414
"Myotis_thysanodes",2.27437016563521,3.88879013893249
"Myotis_velifer",1.75352379869421,3.04517440814312
"Myrmecophaga_tridactyla",0.962830098936129,1.68625240273508
"Nasua_nasua",0.971305409265165,1.60029528523832
"Nasuella_meridensis",1.9877086472058,16.1069073638064
"Nasuella_olivacea",2.31282133121589,4.39217720293619
"Natalus_espiritosantensis",1.31652940336493,2.99609583377667
"Natalus_jamaicensis",1.66014455560229,11.3253023290035
"Natalus_mexicanus",1.18790723863969,2.08456452790221
"Natalus_stramineus",2.27974269440129,18.7442154903973
"Natalus_tumidirostris",1.64506630093127,3.34250361241957
"Neacomys_dubosti",2.27068940065342,16.5718267679988
"Neacomys_guianae",1.91347502699252,5.86400005846848
"Neacomys_minutus",2.49662583716361,29.4766547042929
"Neacomys_musseri",1.90419976876644,18.17353324286
"Neacomys_paracou",2.15784590994491,6.88474988065182
"Neacomys_spinosus",1.29998041079876,3.63434774868685
"Neacomys_tenuipes",1.9438725382064,4.47119648298244
"Necromys_amoenus",3.74806794854399,8.23101800356881
"Necromys_benefactus",2.39870840900309,11.7626135041284
"Necromys_lactens",2.20658549286279,5.29664760288587
"Necromys_lasiurus",0.938670288549268,2.54294451667596
"Necromys_lenguarum",1.16612593480552,6.56485245510761
"Necromys_obscurus",2.72308846129706,22.4036247214556
"Necromys_temchuki",1.68419906415965,11.8977253941482
"Necromys_urichi",2.01095242506966,5.43996840893593
"Nelsonia_goldmani",2.74426907012683,37.2294918778457
"Neotoma_albigula",3.21967431029136,17.2358253327427
"Neotoma_chrysomelas",1.06141688553861,9.11132193097618
"Neotoma_leucodon",2.74833503195755,8.57227232914586
"Neotoma_mexicana",2.24702538514315,3.62113464180576
"Neotoma_micropus",1.86223706621826,11.1224705132181
"Neotoma_phenax",3.33638084078276,24.8991456559358
"Neotomodon_alstoni",2.79378537270731,11.5185810797027
"Nephelomys_albigularis",1.97369370974112,4.01038595649408
"Nephelomys_auriventer",2.52509604041054,8.32606880639375
"Nephelomys_caracolus",1.35365365359016,25.2558134274399
"Nephelomys_devius",2.38854524868982,12.4729477908709
"Nephelomys_keaysi",1.58249822644308,7.09769252396067
"Nephelomys_levipes",1.91259306631773,6.0348752992925
"Nephelomys_meridensis",2.04793897972795,17.2096225846517
"Noctilio_albiventris",0.993136291940168,1.80674994155022
"Notiomys_edwardsii",3.7464315514541,10.5934347954027
"Notiosorex_evotis",3.24384440917373,11.5564820935231
"Notocitellus_annulatus",2.82264367179946,17.4517706010818
"Nyctiellus_lepidus",1.51767819889664,9.06494774159498
"Nyctinomops_aurispinosus",0.788936203617064,1.68160829284899
"Nyctinomops_femorosaccus",2.92339868145221,6.82862567867082
"Nyctinomops_laticaudatus",2.76800727158749,8.92422851562104
"Nyctomys_sumichrasti",1.069732436111,2.71070581793978
"Octodon_bridgesi",3.28182701947014,11.5053218543666
"Octodon_degus",3.2960128761449,22.5500554153873
"Octodon_lunatus",3.33168679570964,46.6444586719009
"Octodontomys_gliroides",3.67766711588318,11.2619958302609
"Octomys_mimax",3.08955574265855,20.5667590708521
"Odocoileus_virginianus",0.996447006546318,1.79332702717817
"Oecomys_auyantepui",2.20770252406997,6.43764789949596
"Oecomys_bicolor",1.38169171448348,2.73841954845824
"Oecomys_catherinae",0.968577826469606,2.70034305943571
"Oecomys_concolor",1.66661798616658,3.32667208303877
"Oecomys_flavicans",1.53063334676162,7.87641128230339
"Oecomys_phaeotis",1.83357816587044,7.85792839538316
"Oecomys_roberti",1.28477382906422,3.53904815165249
"Oecomys_rutilus",2.27639790253205,7.04800749964705
"Oecomys_speciosus",1.58017198070373,4.38963660962022
"Oecomys_superans",2.59044960991835,6.87693854878548
"Oecomys_trinitatis",2.36539678700163,5.34682058307553
"Oligoryzomys_andinus",3.06977894800578,5.61292770669585
"Oligoryzomys_arenalis",2.49217099322771,6.18018689181529
"Oligoryzomys_chacoensis",1.44381982047869,5.56555196779185
"Oligoryzomys_delticola",2.51686599343553,8.27065185258406
"Oligoryzomys_destructor",1.30146382787116,2.29741277501805
"Oligoryzomys_eliurus",0.854637881436726,3.6366005067723
"Oligoryzomys_flavescens",1.56224299320829,2.38650766218039
"Oligoryzomys_fornesi",0.922792432549177,3.48224354308977
"Oligoryzomys_fulvescens",1.22993977573597,2.15742470738634
"Oligoryzomys_griseolus",2.1309019838066,5.97351173952891
"Oligoryzomys_longicaudatus",2.97727001066295,2.17152819844576
"Oligoryzomys_magellanicus",4.292341338279,13.2734731320036
"Oligoryzomys_microtis",1.23210790613039,3.99159599679895
"Oligoryzomys_nigripes",0.7834888419673,2.22464465175621
"Oligoryzomys_stramineus",1.58575793948181,4.82215536592469
"Oligoryzomys_vegetus",2.36031948403581,10.325641864358
"Onychomys_torridus",3.3249854909351,22.0441068767421
"Orthogeomys_cavator",2.07162480375075,10.8623809912038
"Orthogeomys_grandis",2.00666654399405,4.36372676638582
"Orthogeomys_hispidus",1.03025305465775,3.06432595688948
"Oryzomys_gorgasi",1.73119463389347,5.34376060532603
"Osgoodomys_banderanus",2.61278319702312,13.8001009829849
"Otonyctomys_hatti",1.2869989644006,10.1359129623129
"Otospermophilus_variegatus",2.68915906641972,4.65830959087659
"Ototylomys_phyllotis",0.951206146494761,3.44500515015281
"Oxymycterus_amazonicus",1.75630018750762,9.2765581368396
"Oxymycterus_angularis",2.15279679654056,4.17150934065029
"Oxymycterus_caparoae",1.68490049306998,10.7991527158757
"Oxymycterus_dasytrichus",0.918958132215868,5.33595963296538
"Oxymycterus_delator",1.62235432882267,9.25721998580501
"Oxymycterus_hiska",1.35843672993877,9.74000467673497
"Oxymycterus_hispidus",1.0953646519245,4.78570406786929
"Oxymycterus_hucucha",3.4938005717777,64.3268795484161
"Oxymycterus_inca",1.37035022848379,4.94362972498806
"Oxymycterus_josei",2.75459751852727,26.6348227564502
"Oxymycterus_nasutus",2.34842542109479,5.09346447684992
"Oxymycterus_paramensis",2.00908359642546,4.32696928756761
"Oxymycterus_quaestor",1.26119023562741,4.59558298395308
"Oxymycterus_roberti",1.56459787774194,12.0457860726126
"Oxymycterus_rufus",2.18066553373718,11.7392436260531
"Oxymycterus_wayku",2.70459750516163,12.6467575184447
"Ozotoceros_bezoarticus",1.12394655129448,2.88502398061924
"Pattonomys_semivillosus",1.55780197432263,6.56768573211834
"Pecari_tajacu",0.843650169218255,1.47314711079436
"Peromyscus_aztecus",1.34439239402563,3.74867528561572
"Peromyscus_beatae",1.40068413818236,4.19107833124179
"Peromyscus_difficilis",2.38467097550771,3.94635727369725
"Peromyscus_gossypinus",1.7886883044751,35.3858887029857
"Peromyscus_grandis",1.51965695660749,36.5407336195354
"Peromyscus_gratus",2.59641106179304,4.11418141639884
"Peromyscus_guatemalensis",2.06333741584132,9.01412116579507
"Peromyscus_gymnotis",2.02572856914175,8.37465603795025
"Peromyscus_hylocetes",2.66913844777071,16.1710599472131
"Peromyscus_leucopus",1.26955339818668,3.14613012827624
"Peromyscus_levipes",2.5336490067412,5.12493334357327
"Peromyscus_megalops",2.16139066820335,10.0863865238259
"Peromyscus_mekisturus",1.85227186398816,10.2595090054069
"Peromyscus_melanocarpus",1.12577596859427,18.2099926204548
"Peromyscus_melanophrys",2.46770945643275,4.98348462744413
"Peromyscus_melanotis",2.6791932131493,4.54056795823382
"Peromyscus_melanurus",1.93203298311582,35.5622199068324
"Peromyscus_merriami",3.25425210175178,17.4002444233038
"Peromyscus_mexicanus",0.925471501106973,2.53646433022607
"Peromyscus_pectoralis",2.55672529745202,5.69903616462331
"Peromyscus_perfulvus",2.76221019130076,17.3251286598202
"Peromyscus_polionotus",2.17662190935242,140.387802876767
"Peromyscus_schmidlyi",3.09165759696167,17.3445134307853
"Peromyscus_simulus",3.41877250302541,18.8977912228797
"Peromyscus_spicilegus",2.98032392829927,7.28170252295593
"Peromyscus_stirtoni",1.59856301586313,9.35618034684751
"Peromyscus_yucatanicus",1.3873213028324,10.6202479410995
"Peromyscus_zarhynchus",1.35270535224654,11.5503673838741
"Peropteryx_kappleri",1.78173075381529,2.58622374148551
"Peropteryx_leucoptera",1.91535153959403,4.43546261935365
"Peropteryx_macrotis",1.04763151861342,1.98496761642878
"Phaenomys_ferrugineus",1.66180124518684,10.8659589075531
"Philander_andersoni",3.42075906037346,5.52518656502096
"Philander_deltae",2.03057472567359,25.7186719346705
"Philander_frenatus",1.11444123061529,3.36723737372972
"Philander_mcilhennyi",1.94644145658261,16.9843651621736
"Philander_mondolfii",1.61075097395091,4.42239586445989
"Philander_opossum",1.3436462080382,2.22748166283352
"Phylloderma_stenops",1.18411855945369,2.14212947074816
"Phyllomys_blainvillii",1.40494851287655,5.02760348766152
"Phyllomys_brasiliensis",1.99244916792218,87.1343410141737
"Phyllomys_dasythrix",2.43937297943333,6.43234888225781
"Phyllomys_lundi",2.04463198292034,30.5255512266354
"Phyllomys_mantiqueirensis",2.47051165663981,36.3469945157398
"Phyllomys_medius",1.60677848001655,4.82370881781911
"Phyllomys_nigrispinus",1.42429578993651,8.32003774554207
"Phyllomys_pattoni",0.762477465178645,4.8245788896299
"Phyllomys_unicolor",1.98792938344356,84.5077343006646
"Phyllostomus_discolor",1.08535522678243,2.10452827972689
"Phyllostomus_elongatus",1.12411902412112,2.49523741512242
"Phyllostomus_hastatus",2.44672342099227,62.2335403588863
"Phyllostomus_latifolius",2.56912633113667,6.93960510973214
"Phyllotis_amicus",2.73432025344372,39.0302585852979
"Phyllotis_andium",2.26418411365532,5.50065385573139
"Phyllotis_bonariensis",2.85628842107761,39.7625825107936
"Phyllotis_caprinus",3.20824916054583,45.0266916805399
"Phyllotis_darwini",3.06308643056677,10.2908761850625
"Phyllotis_definitus",2.76070493799537,21.6556696981573
"Phyllotis_haggardi",2.73507288201025,5.14257478558746
"Phyllotis_limatus",2.42106390051167,39.8005290135503
"Phyllotis_magister",4.54255749557868,34.9833900439124
"Phyllotis_osilae",4.01181932184027,7.78233566579009
"Phyllotis_wolffsohni",2.20123419427241,8.15104697743814
"Phyllotis_xanthopygus",3.38797148143701,3.55954423087186
"Pithecia_aequatorialis",4.42253592553666,29.6434650961549
"Pithecia_albicans",2.45794850794291,29.959300086327
"Pithecia_chrysocephala",2.6584160473492,23.6275004410667
"Pithecia_hirsuta",4.20412716484301,20.7465856936086
"Pithecia_mittermeieri",1.07108713890675,5.48931933258689
"Pithecia_monachus",2.93895750806513,23.8292797239922
"Pithecia_napensis",4.06273582936257,9.92018443498701
"Pithecia_pithecia",2.05650510093382,8.21249169483746
"Pithecia_rylandsi",1.32698634296527,15.5236369857484
"Platalina_genovensium",2.60202621240937,4.97963635491725
"Platyrrhinus_albericoi",2.08886277531628,3.70675506970888
"Platyrrhinus_angustirostris",1.61042404792699,3.19514785659087
"Platyrrhinus_aurarius",2.33916034105935,5.34725687438346
"Platyrrhinus_brachycephalus",1.75727586915988,3.55537270173738
"Platyrrhinus_chocoensis",5.35309218691991,8.02585076103548
"Platyrrhinus_dorsalis",1.88491758080576,3.51904046362465
"Platyrrhinus_fusciventris",2.29264913552373,5.13328627251524
"Platyrrhinus_helleri",1.27495293755229,2.62551154959231
"Platyrrhinus_infuscus",1.5963514994333,3.59008852675314
"Platyrrhinus_ismaeli",3.09740834567827,6.27546729052088
"Platyrrhinus_lineatus",0.668942537028101,1.68768468376472
"Platyrrhinus_masu",1.89513092372271,9.76367006443568
"Platyrrhinus_matapalensis",2.82974562436448,7.44674822627473
"Platyrrhinus_nigellus",1.79988648733017,3.38742204609887
"Platyrrhinus_recifinus",0.717519334430434,3.22452543098502
"Platyrrhinus_vittatus",1.70999160461685,3.22352866061886
"Podoxymys_roraimae",1.93410158097845,28.6918232095812
"Potos_flavus",1.06633638958983,2.13100440597193
"Priodontes_maximus",1.11774990119836,1.91019390775844
"Proechimys_brevicauda",2.10512432188963,6.11626578390306
"Proechimys_canicollis",1.83976260306188,11.3945274213871
"Proechimys_cuvieri",2.47503245861358,4.76287780804262
"Proechimys_decumanus",2.47951540449783,9.84082958742725
"Proechimys_echinothrix",3.1305086338901,17.4856690463876
"Proechimys_goeldii",1.87608712999125,8.37707301482769
"Proechimys_guairae",1.4070422762115,4.13207339072141
"Proechimys_guyannensis",2.0900153877049,5.1555053143146
"Proechimys_longicaudatus",1.3613578515896,7.36456584736023
"Proechimys_pattoni",1.9992335136871,16.1354191498788
"Proechimys_quadruplicatus",3.23935196307834,5.44669909451273
"Proechimys_roberti",1.41730212792244,5.29213661614463
"Proechimys_simonsi",2.03614783015119,5.92170644090179
"Proechimys_steerei",2.04181879345332,7.1213875884097
"Pseudoryzomys_simplex",1.25270481364393,4.94544734136264
"Pteronotus_davyi",1.10368634596045,1.87736997106191
"Pteronotus_gymnonotus",1.27446121605665,3.0218864216201
"Pteronotus_parnellii",1.16174806201789,5.23687115468225
"Pteronotus_personatus",0.996827368845658,2.27378390676731
"Pudu_puda",3.33856112371202,5.68335779277662
"Punomys_lemminus",4.39288145390695,38.3513197105643
"Pygoderma_bilabiatum",0.835029046936499,2.63439994335642
"Reithrodon_auritus",3.15162187090508,4.7299651451607
"Reithrodon_typicus",2.43053265020254,7.97626135913935
"Reithrodontomys_bakeri",2.26112605040028,41.9201556169418
"Reithrodontomys_brevirostris",1.42996103191093,7.8311643558714
"Reithrodontomys_chrysopsis",2.70138396660951,8.01698806035079
"Reithrodontomys_creper",2.29944833498086,11.2086713280927
"Reithrodontomys_darienensis",2.52601727511891,7.34487127009043
"Reithrodontomys_fulvescens",2.0326780644882,2.80535831885995
"Reithrodontomys_gracilis",1.08351833240825,3.71027024109025
"Reithrodontomys_hirsutus",3.33310198810837,23.9640461693776
"Reithrodontomys_humulis",1.69379865759093,71.8234612362933
"Reithrodontomys_megalotis",2.29281946706942,3.7317789323075
"Reithrodontomys_mexicanus",0.741284695652094,2.17513700335666
"Reithrodontomys_microdon",2.20420118244891,5.40828533597034
"Reithrodontomys_sumichrasti",1.57761319791168,3.19647957931957
"Reithrodontomys_tenuirostris",1.8974633438464,9.18149723853865
"Reithrodontomys_zacatecae",2.92144659786618,8.18653290201331
"Rhagomys_longilingua",1.67852633644571,6.24837325199318
"Rhagomys_rufescens",1.35197564999843,6.47751893804471
"Rhinophylla_alethina",4.30764949553952,6.75855250268397
"Rhinophylla_fischerae",2.03993291943149,3.47748600641128
"Rhinophylla_pumilio",1.43994410238288,2.59370373888283
"Rhipidomys_austrinus",1.30052676696707,5.49951228605331
"Rhipidomys_emiliae",1.86455429464535,8.16346372399403
"Rhipidomys_fulviventer",1.97934346880626,5.55955438617555
"Rhipidomys_gardneri",1.99764141821275,15.4587727594974
"Rhipidomys_itoan",1.80149805224876,11.5436088340531
"Rhipidomys_latimanus",2.43495056752305,4.84903706284731
"Rhipidomys_leucodactylus",2.11982291303983,4.21875994873893
"Rhipidomys_macconnelli",2.2611455849444,7.79585598813861
"Rhipidomys_macrurus",1.43579376397207,4.9816760578007
"Rhipidomys_mastacalis",0.722158027056184,3.82003096326523
"Rhipidomys_modicus",1.78946107752577,8.89684158598846
"Rhipidomys_nitela",2.13200954086552,5.21261734484986
"Rhipidomys_venezuelae",1.48862868616873,4.6455410762291
"Rhipidomys_venustus",2.18095804482424,18.6796997571492
"Rhipidomys_wetzeli",2.63470692549369,9.78299583436467
"Rhogeessa_aeneus",1.35776564434069,11.024119097167
"Rhogeessa_bickhami",1.77471064081549,40.2120449692271
"Rhogeessa_parvula",2.56069078949436,6.51286109693128
"Rhogeessa_tumida",0.951710128574463,2.44923968297949
"Rhyncholestes_raphanurus",3.38778253400925,15.5946368451902
"Saccopteryx_antioquensis",3.79196290820164,22.6169475992735
"Saguinus_bicolor",2.69662189623883,75.3182176519408
"Saguinus_martinsi",2.58083591471323,54.9648784965536
"Saguinus_midas",2.25359617680727,10.0421152823762
"Saguinus_mystax",2.56858813974054,44.6154079241959
"Saguinus_niger",2.34760089112413,12.0418825146802
"Saimiri_boliviensis",1.42299388245685,5.84194559530779
"Saimiri_oerstedii",1.98318486552982,17.0684209427947
"Saimiri_sciureus",2.28283569835179,9.74508541747309
"Saimiri_ustus",1.15423509410672,6.67137831721141
"Saimiri_vanzolinii",4.56702469350876,116.530482511643
"Sapajus_apella",1.72444309958091,3.78196648376506
"Sapajus_cay",1.08209586743293,5.36526960131777
"Sapajus_flavius",1.71309220024459,9.26969443531484
"Sapajus_libidinosus",1.46157331816829,3.80435849570469
"Sapajus_nigritus",1.29162291895383,4.08491886537733
"Sapajus_robustus",0.718758281901633,9.6929504705596
"Sapajus_xanthosternos",1.00459095340425,4.23701556669579
"Scalopus_aquaticus",1.86383578010155,46.7372658352314
"Scapteromys_tumidus",2.55821608494028,7.61723716291755
"Sciurillus_pusillus",1.61497076719737,4.50794624149269
"Sciurus_aestuans",0.720799875975469,1.73008113361758
"Sciurus_aureogaster",1.61238292756838,2.97327619827863
"Sciurus_colliaei",3.09628278818056,9.37086205502656
"Sciurus_deppei",0.928884180172103,2.65468212736787
"Sciurus_granatensis",1.61133633077279,2.94308221942824
"Sciurus_ignitus",1.05592147900917,3.33677136845559
"Sciurus_igniventris",2.6067777329063,4.44113157658158
"Sciurus_nayaritensis",3.09530976124491,8.07591423426124
"Sciurus_oculatus",2.43557273631728,6.03792625951277
"Sciurus_richmondi",2.17858085645414,21.8267854205209
"Sciurus_spadiceus",1.61965231601968,4.12453508129334
"Sciurus_stramineus",1.97847271995337,4.48024458486895
"Sciurus_variegatoides",1.22195594740186,3.1189225995591
"Sciurus_yucatanensis",1.14483510773388,6.09729918596992
"Scolomys_melanops",4.59083287113266,9.08132194375724
"Scolomys_ucayalensis",3.42291081488831,20.6394036774116
"Scotinomys_teguina",0.930175542551612,4.22686259556076
"Scotinomys_xerampelinus",2.27150250431521,11.8516554965703
"Sigmodon_alleni",2.59046070970563,10.571121042203
"Sigmodon_alstoni",1.96882512206801,4.17245264824644
"Sigmodon_arizonae",2.97350066784026,10.4561457714722
"Sigmodon_fulviventer",3.20535219119123,11.3720455280727
"Sigmodon_hirsutus",1.15474400567665,2.70330708433544
"Sigmodon_leucotis",2.68610989910942,6.14517318748361
"Sigmodon_mascotensis",2.35321829812352,6.62963312354408
"Sigmodontomys_alfari",2.5306563138313,3.15117823743537
"Solenodon_paradoxus",1.02165478646305,9.58559983463158
"Sooretamys_angouya",1.21562898215192,3.06913590982947
"Sorex_emarginatus",3.37402286271757,17.4420292022702
"Sorex_macrodon",1.22758642959544,10.1667931175436
"Sorex_mediopua",2.67108927120748,14.018599684759
"Sorex_oreopolus",2.84914550430475,26.2208216647301
"Sorex_orizabae",2.64512722078644,6.95323732675049
"Sorex_saussurei",2.32859813986992,5.4861597482412
"Sorex_ventralis",2.13141931502096,6.92415369717146
"Sorex_veraecrucis",2.16785568358726,3.92251801745075
"Sorex_veraepacis",1.61741058415158,4.72782362877984
"Spalacopus_cyanus",3.32878017730745,20.3531105525728
"Speothos_venaticus",1.05086216295547,1.94609503563258
"Sphaeronycteris_toxophyllum",1.98720091616627,4.02143985457941
"Spilogale_angustifrons",1.15203492353639,2.78769907629542
"Spilogale_gracilis",2.31028286494417,5.9171322473754
"Spilogale_pygmaea",2.59874575159184,12.7325620742654
"Sturnira_aratathomasi",3.04221822568388,6.18323804558277
"Sturnira_bakeri",3.44748994044908,10.413964847492
"Sturnira_bidens",1.63858113100864,3.11125749408151
"Sturnira_bogotensis",1.39107172369729,1.91919777343846
"Sturnira_erythromos",0.78111540309418,1.68592095779595
"Sturnira_hondurensis",1.15112844638986,2.99715996855345
"Sturnira_lilium",0.763513444172864,2.36619775632214
"Sturnira_ludovici",1.54606793590561,3.0314452214047
"Sturnira_luisi",2.29926664194456,3.14866036382013
"Sturnira_magna",1.81382434084316,3.82040200416817
"Sturnira_mordax",2.0278561187552,7.1654382319478
"Sturnira_nana",2.33294528909637,15.2956157604905
"Sturnira_oporaphilum",1.21573723669495,2.62001715624801
"Sturnira_parvidens",1.27562458555669,2.30775566016504
"Sturnira_tildae",1.04842026542144,2.34767906368677
"Sylvilagus_audubonii",2.45955603936316,4.08305415082682
"Sylvilagus_bachmani",2.9724567690831,34.920522854675
"Sylvilagus_brasiliensis",2.06554531300425,16.1526830301946
"Sylvilagus_cunicularius",2.41783316978026,5.76611189882322
"Sylvilagus_dicei",1.64196213333245,18.8764815426581
"Sylvilagus_floridanus",0.929386692147486,1.98749872410475
"Sylvilagus_palustris",1.78720876359494,36.0847677700087
"Tamandua_tetradactyla",0.797424453109265,1.44613541914096
"Tapecomys_primus",1.87424970205357,23.8802552270879
"Thalpomys_cerradensis",1.63465048982132,16.0976468180787
"Thalpomys_lasiotis",1.60376145299043,14.1932211960658
"Thaptomys_nigrita",1.16564838793214,2.76949596054023
"Thomasomys_aureus",1.55851799124791,3.07313060316764
"Thomasomys_baeops",2.54133034692531,4.54770654569173
"Thomasomys_bombycinus",3.54543355164807,10.1013592240422
"Thomasomys_caudivarius",2.09590797961236,8.4280816937644
"Thomasomys_cinereiventer",2.99002240212077,9.76003964688683
"Thomasomys_cinereus",2.17674201036573,14.275400222392
"Thomasomys_cinnameus",3.02061116274783,4.98237476048735
"Thomasomys_daphne",1.67481644504885,7.28628825470712
"Thomasomys_eleusis",2.12484215174064,30.6550893574623
"Thomasomys_erro",3.09495548823404,6.54015417388818
"Thomasomys_gracilis",1.53177470395882,12.7789083146362
"Thomasomys_hudsoni",1.91943246218135,11.3157292333578
"Thomasomys_hylophilus",1.86599763285452,6.61790989105789
"Thomasomys_incanus",2.2525828240567,13.6250180900857
"Thomasomys_ischyrus",1.87264945377016,9.29740801778129
"Thomasomys_kalinowskii",2.01017087141481,10.6898341569447
"Thomasomys_ladewi",1.87326813983466,14.3146576978176
"Thomasomys_laniger",1.93149487359583,5.50907915348277
"Thomasomys_macrotis",2.13787876566051,43.472509980834
"Thomasomys_monochromos",1.61401443018169,17.5804001942123
"Thomasomys_niveipes",2.00278168631643,8.33151300862266
"Thomasomys_notatus",1.84376164747477,6.9269003849399
"Thomasomys_onkiro",1.45753707545375,32.9434472580634
"Thomasomys_oreas",1.62674060733,5.59797363411771
"Thomasomys_paramorum",2.85558008073275,4.91345546817197
"Thomasomys_praetor",2.47323208045463,10.4402359683271
"Thomasomys_rosalinda",1.83882584197722,20.1898638731595
"Thomasomys_silvestris",3.000508544669,5.48344870187966
"Thomasomys_taczanowskii",1.85773838899531,3.81480369721855
"Thomasomys_ucucha",2.92888193954666,5.40248069734754
"Thomasomys_vestitus",1.68818369966822,10.0176043801825
"Thomasomys_vulcani",2.70879612133151,5.3316129280769
"Thomomys_bottae",3.1979007991655,20.1805964338273
"Thomomys_umbrinus",2.83569640476461,5.50820662395946
"Thrichomys_apereoides",1.70674860642289,4.07923502717541
"Thrichomys_inermis",1.40970735831542,12.0911316103166
"Thrichomys_pachyurus",1.3324839957969,13.035075713421
"Thylamys_cinderella",2.33344267359571,12.8039461604696
"Thylamys_citellus",2.08195880922881,18.8658410114371
"Thylamys_elegans",2.91707394470671,8.81736858441107
"Thylamys_fenestrae",3.06950080216097,17.3846200042401
"Thylamys_karimii",1.68422797025448,4.92184195227892
"Thylamys_macrurus",1.27936852688521,13.4743360787038
"Thylamys_pallidior",3.09752976058142,4.82799127445352
"Thylamys_pulchellus",2.23900625471348,13.3708064769576
"Thylamys_pusillus",1.72039038618765,8.96639139141975
"Thylamys_velutinus",1.53640623887361,11.1008872805368
"Thyroptera_discifera",1.80947824048211,3.39879162524009
"Thyroptera_tricolor",1.27257866819427,2.51009100382044
"Tolypeutes_matacus",1.60943786764028,5.87720827404893
"Tolypeutes_tricinctus",1.74170164261482,4.44999233907944
"Tomopeas_ravus",2.55748575212078,11.5481757868382
"Tonatia_saurophila",1.77435584757715,3.15300710187273
"Toromys_grandis",2.65270784971996,17.3392506984635
"Transandinomys_bolivaris",3.13051105480891,3.45979819624213
"Transandinomys_talamancae",2.15357505605686,3.2228450419304
"Tremarctos_ornatus",1.37489067223053,2.46818226060486
"Trinomys_albispinus",1.53717667307395,7.42323733131629
"Trinomys_dimidiatus",1.51577332044584,8.58888776332446
"Trinomys_eliasi",1.58356778759835,68.6202530301515
"Trinomys_gratiosus",1.4211065679662,9.64781511360703
"Trinomys_iheringi",0.933074192907536,4.8784274142211
"Trinomys_moojeni",1.8880229466304,89.611021114395
"Trinomys_setosus",0.712264293067544,4.50681227237096
"Trinomys_yonenagae",2.52170426291586,87.2207069115416
"Trinycteris_nicefori",1.84173340406293,3.0103851497502
"Tylomys_mirae",5.02115588729278,6.82515669333337
"Tylomys_nudicaudus",1.03135827024801,3.09873291948764
"Tylomys_watsoni",2.21115850013181,4.61439112581186
"Tympanoctomys_barrerae",3.3330708260434,9.05419227415241
"Urocyon_cinereoargenteus",0.957016862224174,1.71397513970754
"Uroderma_bilobatum",1.06517417445282,2.24449923813841
"Uroderma_magnirostrum",1.20655878510814,2.34074206453134
"Vampyressa_melissa",2.38878815132611,4.81739881182695
"Vampyressa_thyone",1.89716927575329,20.8088385877015
"Vampyrodes_caraccioli",1.62717290509831,3.19617536949564
"Wiedomys_pyrrhorhinos",1.5307100840495,4.47265455173044
"Wilfredomys_oenax",2.13939879892371,5.06271251903779
"Xenomys_nelsoni",2.93848323932093,27.4483932072756
"Xerospermophilus_perotensis",2.46206476347424,39.2246480645603
"Zaedyus_pichiy",3.18524802003864,4.6611132434373
"Zygodontomys_brevicauda",1.81998136002655,3.6071199634187
"Zygodontomys_brunneus",2.35606078099286,6.48521827019603
