term,Estimate,Std. Error,t value,Pr(>|t|),adj.r.squared,lambda,lam_low,lam_up,class,ext,biome
(Intercept),1.125148725487895,0.15097759629768845,7.452421770375752,1.596500709410975e-13,-3.1488564679241015e-4,0.7444282752831372,0.6702680278237036,0.8037835760896023,amphibians,high,neo_marginality
log(high.age + 1),-0.00751386796484629,0.0100556129101557,-0.7472312261799217,0.4550492967753747,-3.1488564679241015e-4,0.7444282752831372,0.6702680278237036,0.8037835760896023,amphibians,high,neo_marginality
(Intercept),2.179352775648123,0.3024611639671389,7.205397040278864,9.419132140919828e-13,-3.698409174763406e-4,0.45030096884521525,0.3220192714193432,0.5733667767698508,amphibians,high,neo_specialization
log(high.age + 1),-0.02260492291806945,0.03258313226953442,-0.6937615061399515,0.48794671172146376,-3.698409174763406e-4,0.45030096884521525,0.3220192714193432,0.5733667767698508,amphibians,high,neo_specialization
(Intercept),1.1475208607725622,0.14987379722374042,7.656580950300976,3.5527136788005016e-14,9.800057200782348e-4,0.755519858503006,0.6823082465297102,0.8139276435667248,amphibians,high,neo_marginality
log(high.age + 1),-0.01478046157487134,0.00958821259274029,-1.5415241821048444,0.12341492628051398,9.800057200782348e-4,0.755519858503006,0.6823082465297102,0.8139276435667248,amphibians,high,neo_marginality
(Intercept),2.2383738383561513,0.3012959421107495,7.429153617785454,1.891820033961267e-13,0.0016527469801154,0.46269798012260266,0.3329106462100195,0.5859357081666352,amphibians,high,neo_specialization
log(high.age + 1),-0.05640565837334279,0.03094431320822703,-1.822811771383779,0.06854479637889899,0.0016527469801154,0.46269798012260266,0.3329106462100195,0.5859357081666352,amphibians,high,neo_specialization
(Intercept),1.133026204776865,0.15266262798590602,7.421765364090728,1.9961809982760317e-13,-1.6849762695295874e-4,0.7594674998040379,0.6904898405558632,0.8145994225078386,amphibians,high,neo_marginality
log(high.age + 1),-0.00858102223740349,0.00981963532425158,-0.8738636368919848,0.38234217529723535,-1.6849762695295874e-4,0.7594674998040379,0.6904898405558632,0.8145994225078386,amphibians,high,neo_marginality
(Intercept),2.1739001853997224,0.2885021607145408,7.535126184204538,8.704148513061227e-14,-6.278762685468363e-4,0.424367134319708,0.30098724755802064,0.5459182251085279,amphibians,high,neo_specialization
log(high.age + 1),-0.01097416698033409,0.03172700631156022,-0.34589355429779345,0.7294746086154311,-6.278762685468363e-4,0.424367134319708,0.30098724755802064,0.5459182251085279,amphibians,high,neo_specialization
(Intercept),1.1475208607725622,0.14987379722374042,7.656580950300976,3.5527136788005016e-14,9.800057200782348e-4,0.755519858503006,0.6823082465297102,0.8139276435667248,amphibians,high,neo_marginality
log(high.age + 1),-0.01478046157487134,0.00958821259274029,-1.5415241821048444,0.12341492628051398,9.800057200782348e-4,0.755519858503006,0.6823082465297102,0.8139276435667248,amphibians,high,neo_marginality
(Intercept),2.2383738383561513,0.3012959421107495,7.429153617785454,1.891820033961267e-13,0.0016527469801154,0.46269798012260266,0.3329106462100195,0.5859357081666352,amphibians,high,neo_specialization
log(high.age + 1),-0.05640565837334279,0.03094431320822703,-1.822811771383779,0.06854479637889899,0.0016527469801154,0.46269798012260266,0.3329106462100195,0.5859357081666352,amphibians,high,neo_specialization
(Intercept),1.0937119228227052,0.1678411643279633,6.51635090355773,1.0019718388321051e-10,1.317811602697749e-5,0.7643108549811826,0.6960663963525168,0.8185675315226005,amphibians,high,neo_marginality
log(high.age + 1),0.00981442103714413,0.00972492999745491,1.0092022297037246,0.31305179676655426,1.317811602697749e-5,0.7643108549811826,0.6960663963525168,0.8185675315226005,amphibians,high,neo_marginality
(Intercept),2.2285711659082104,0.3103768469228205,7.180210727710548,1.1253220577600589e-12,9.160679040674032e-4,0.4290099334520285,0.3050533262224398,0.550982851121007,amphibians,high,neo_specialization
log(high.age + 1),-0.04771553125996702,0.0315559744051386,-1.5120918355224988,0.13073586515721036,9.160679040674032e-4,0.4290099334520285,0.3050533262224398,0.550982851121007,amphibians,high,neo_specialization
(Intercept),1.1447015944870913,0.1463346947092119,7.822489374524464,1.021405182655144e-14,8.289453318495323e-4,0.762261266738436,0.6879876445016768,0.821080774798995,amphibians,high,neo_marginality
log(high.age + 1),-0.01422430788862733,0.00966952203183628,-1.4710456051286418,0.14150318446177845,8.289453318495323e-4,0.762261266738436,0.6879876445016768,0.821080774798995,amphibians,high,neo_marginality
(Intercept),2.2176823968494244,0.2563495821844445,8.651008431345106,0,4.13104186853764e-4,0.3757284036624945,0.2566018028581993,0.4987485618211955,amphibians,high,neo_specialization
log(high.age + 1),-0.03935424085588025,0.03131028993120194,-1.256910777330816,0.20899530343895956,4.13104186853764e-4,0.3757284036624945,0.2566018028581993,0.4987485618211955,amphibians,high,neo_specialization
(Intercept),1.1430303142910945,0.14925444942895205,7.658266260498978,3.5083047578154947e-14,8.924301691259709e-4,0.7499542744674018,0.6760175871561239,0.8089562839228808,amphibians,high,neo_marginality
log(high.age + 1),-0.01446413050430728,0.00963590835574687,-1.5010655944730793,0.13356376374511836,8.924301691259709e-4,0.7499542744674018,0.6760175871561239,0.8089562839228808,amphibians,high,neo_marginality
(Intercept),2.216856463116791,0.28703760970128367,7.723226462984572,2.131628207280301e-14,-2.443709940825337e-5,0.4286801571756058,0.3039848804210507,0.552036047549077,amphibians,high,neo_specialization
log(high.age + 1),-0.03056845475614893,0.03110633644006547,-0.982708292088562,0.3259205786529942,-2.443709940825337e-5,0.4286801571756058,0.3039848804210507,0.552036047549077,amphibians,high,neo_specialization
(Intercept),1.12771011619047,0.1590152825107394,7.091834812256539,2.09232631220857e-12,-3.211519247283761e-4,0.7467569373359435,0.674092637281302,0.8046270015395611,amphibians,high,neo_marginality
log(high.age + 1),-0.00700053904197579,0.00944322991068796,-0.7413288788036911,0.4586182081198946,-3.211519247283761e-4,0.7467569373359435,0.674092637281302,0.8046270015395611,amphibians,high,neo_marginality
(Intercept),2.237713275435784,0.31914735735273414,7.0115362821650304,3.653521929436465e-12,0.00158417029191623,0.4606828068512048,0.33355230829052074,0.5811142252607983,amphibians,high,neo_specialization
log(high.age + 1),-0.05469392878164304,0.0304508228260894,-1.796139601678771,0.07268754504218888,0.00158417029191623,0.4606828068512048,0.33355230829052074,0.5811142252607983,amphibians,high,neo_specialization
(Intercept),1.1876861944963022,0.15106129213726305,7.862280122806719,7.549516567451064e-15,0.00542024428554367,0.7436993973168583,0.6705809681238758,0.8023119107132655,amphibians,high,neo_marginality
log(high.age + 1),-0.0286774535592392,0.0097528559550236,-2.94041598599308,0.00333145320068517,0.00542024428554367,0.7436993973168583,0.6705809681238758,0.8023119107132655,amphibians,high,neo_marginality
(Intercept),2.1758929134564178,0.3085900223698863,7.05107993040786,2.7784441414269168e-12,-5.314190325157283e-4,0.45770485897130303,0.3236246388719892,0.5861540559355428,amphibians,high,neo_specialization
log(high.age + 1),-0.01603008431239442,0.03175581214214543,-0.5047921382278155,0.6137841693754802,-5.314190325157283e-4,0.45770485897130303,0.3236246388719892,0.5861540559355428,amphibians,high,neo_specialization
(Intercept),1.1287008976941009,0.17279880140325982,6.531879205921437,9.061396077925109e-11,-5.521404089162057e-4,0.7737398420187862,0.7079391817729072,0.8254962314121836,amphibians,high,neo_marginality
log(high.age + 1),-0.00493164634576364,0.01037897564203716,-0.475157329186647,0.6347488515784352,-5.521404089162057e-4,0.7737398420187862,0.7079391817729072,0.8254962314121836,amphibians,high,neo_marginality
(Intercept),2.2502063469997897,0.339560251476297,6.626824951438303,4.877609427467178e-11,7.871822222050657e-4,0.4813477194587379,0.3485483651799669,0.6033126105872046,amphibians,high,neo_specialization
log(high.age + 1),-0.04825464594113444,0.03325703350404389,-1.4509606196616096,0.14701452488187394,7.871822222050657e-4,0.4813477194587379,0.3485483651799669,0.6033126105872046,amphibians,high,neo_specialization
(Intercept),1.1553269312706265,0.1445797793809855,7.990930240847843,2.6645352591003757e-15,0.00276060940620063,0.7456990478779812,0.675546621240948,0.8024599917781309,amphibians,high,neo_marginality
log(high.age + 1),-0.02113901205008069,0.00956540196908315,-2.2099449786224588,0.02727004529452692,0.00276060940620063,0.7456990478779812,0.675546621240948,0.8024599917781309,amphibians,high,neo_marginality
(Intercept),2.222860207639396,0.2709282439194304,8.20460862803377,4.440892098500626e-16,0.00106843656324241,0.3993073969575362,0.2818720162584616,0.5193507021057132,amphibians,high,neo_specialization
log(high.age + 1),-0.04911586738803206,0.03105975201685388,-1.5813348207474558,0.11402705693725013,0.00106843656324241,0.3993073969575362,0.2818720162584616,0.5193507021057132,amphibians,high,neo_specialization
(Intercept),1.1248244337832531,0.17066785715713967,6.590722192917611,6.178724198946384e-11,-3.409063157369767e-4,0.7691067413161661,0.7003819405252719,0.8229484295105369,amphibians,high,neo_marginality
log(high.age + 1),-0.0069881689235339,0.00967345534202977,-0.722406697136577,0.4701649488695805,-3.409063157369767e-4,0.7691067413161661,0.7003819405252719,0.8229484295105369,amphibians,high,neo_marginality
(Intercept),2.2615936820755818,0.3246592757034067,6.966052878592837,4.997335878442755e-12,0.00244056295799084,0.4589492289282012,0.3301880246344517,0.5815137082955194,amphibians,high,neo_specialization
log(high.age + 1),-0.06574366440192313,0.03122699331111031,-2.1053472470733214,0.03543858704374392,0.00244056295799084,0.4589492289282012,0.3301880246344517,0.5815137082955194,amphibians,high,neo_specialization
(Intercept),1.1628930730437714,0.1698787670583165,6.845429203312795,1.1367129459927128e-11,0.00299931175088583,0.7924415438542809,0.7268503383348055,0.843329735289434,amphibians,high,neo_marginality
log(high.age + 1),-0.02155131239223675,0.00943212659364738,-2.284883708701678,0.02246844798087854,0.00299931175088583,0.7924415438542809,0.7268503383348055,0.843329735289434,amphibians,high,neo_marginality
(Intercept),2.2336431340348266,0.2940196282871925,7.596918433802823,5.506706202140776e-14,9.194795615031162e-4,0.41499753881309903,0.289867753853479,0.5404421171481979,amphibians,high,neo_specialization
log(high.age + 1),-0.04626999516454488,0.03056795151075954,-1.5136766736972354,0.1303332520005802,9.194795615031162e-4,0.41499753881309903,0.289867753853479,0.5404421171481979,amphibians,high,neo_specialization
(Intercept),1.1435918171111954,0.154910612705222,7.382269020440361,2.6578739209526253e-13,7.607285374699373e-4,0.7731550598254894,0.7042537292762884,0.8273890481902759,amphibians,high,neo_marginality
log(high.age + 1),-0.01352163822018678,0.00940247100647299,-1.4380941149276625,0.15063052184605907,7.607285374699373e-4,0.7731550598254894,0.7042537292762884,0.8273890481902759,amphibians,high,neo_marginality
(Intercept),2.251162093028078,0.2705055458927442,8.322055230322954,2.220446049250313e-16,0.00150196785685756,0.3907950192837067,0.26964860377253635,0.5147120843155999,amphibians,high,neo_specialization
log(high.age + 1),-0.05395850626797598,0.03059494336247389,-1.7636413190474665,0.07801016782852255,0.00150196785685756,0.3907950192837067,0.26964860377253635,0.5147120843155999,amphibians,high,neo_specialization
(Intercept),1.1246492118513731,0.16003167372834778,7.027666371598753,3.2680524952866108e-12,-5.170151042437268e-4,0.7522590238525046,0.6815095876011884,0.8085634145682598,amphibians,high,neo_marginality
log(high.age + 1),-0.00492130997935724,0.00938452480836261,-0.5244069443955036,0.6000784259673835,-5.170151042437268e-4,0.7522590238525046,0.6815095876011884,0.8085634145682598,amphibians,high,neo_marginality
(Intercept),2.1919052751620023,0.32643830468164076,6.714608070580626,2.7315483208667498e-11,1.099421959716476e-4,0.4740467283282719,0.3454179475175349,0.5946872704806434,amphibians,high,neo_specialization
log(high.age + 1),-0.03262481515007531,0.03036652765327552,-1.0743676564731035,0.2828427990337614,1.099421959716476e-4,0.4740467283282719,0.3454179475175349,0.5946872704806434,amphibians,high,neo_specialization
(Intercept),1.1386728825855372,0.14309683840137596,7.957358774004808,3.552713678800501e-15,7.911337617209417e-4,0.7234182901685343,0.6459152778758092,0.7859428308206986,amphibians,high,neo_marginality
log(high.age + 1),-0.01424458659797259,0.00980442761544957,-1.452872840381455,0.14648283503624993,7.911337617209417e-4,0.7234182901685343,0.6459152778758092,0.7859428308206986,amphibians,high,neo_marginality
(Intercept),2.227533714464476,0.29414787560711514,7.572836315295131,6.59472476627343e-14,5.206956349975229e-4,0.4433652492115456,0.31437939416253313,0.5670320514289726,amphibians,high,neo_specialization
log(high.age + 1),-0.0414008766805269,0.03146816879099345,-1.3156430218582118,0.18850898344922615,5.206956349975229e-4,0.4433652492115456,0.31437939416253313,0.5670320514289726,amphibians,high,neo_specialization
(Intercept),1.1267843872323384,0.160694117403597,7.011982799608795,3.642197654585289e-12,-5.599720765441302e-4,0.7579086925489209,0.6871470909824774,0.8141929867164561,amphibians,high,neo_marginality
log(high.age + 1),-0.00436375958414429,0.00941553110017729,-0.4634639870779168,0.6431037614688597,-5.599720765441302e-4,0.7579086925489209,0.6871470909824774,0.8141929867164561,amphibians,high,neo_marginality
(Intercept),2.2358203085094734,0.30977288625530974,7.217611378249376,8.639755577632968e-13,9.424721055383072e-4,0.44792937296990865,0.3157052148956391,0.5746233251055702,amphibians,high,neo_specialization
log(high.age + 1),-0.04648167144946547,0.03049348464508323,-1.5243148492364962,0.12765560741623738,9.424721055383072e-4,0.44792937296990865,0.3157052148956391,0.5746233251055702,amphibians,high,neo_specialization
(Intercept),1.141744094545106,0.15922600963113967,7.170587878136565,1.2043699371133698e-12,4.723142507161423e-4,0.7661217086159483,0.7001561808078246,0.818693893810047,amphibians,high,neo_marginality
log(high.age + 1),-0.01266876782546167,0.00982408624992844,-1.289561950410803,0.19741548499102057,4.723142507161423e-4,0.7661217086159483,0.7001561808078246,0.818693893810047,amphibians,high,neo_marginality
(Intercept),2.156757273783009,0.3400361609766673,6.342729160299519,3.0384939009309164e-10,-4.816935386182178e-4,0.5168502551630658,0.38107455443655086,0.6376318242179205,amphibians,high,neo_specialization
log(high.age + 1),-0.01809052709424186,0.03175686457853875,-0.5696572169302702,0.5690014735065572,-4.816935386182178e-4,0.5168502551630658,0.38107455443655086,0.6376318242179205,amphibians,high,neo_specialization
(Intercept),1.1384787253352548,0.171724691518006,6.629674016423438,4.787192864341705e-11,-1.838246815138553e-5,0.7806846018488841,0.7150623422419907,0.8324039056358377,amphibians,high,neo_marginality
log(high.age + 1),-0.01033107979945198,0.01046693321784823,-0.9870207045780522,0.3238027938358581,-1.838246815138553e-5,0.7806846018488841,0.7150623422419907,0.8324039056358377,amphibians,high,neo_marginality
(Intercept),2.29401563832403,0.32579899407794644,7.041199267101462,2.9753977059954195e-12,0.00283509009421768,0.4636994527759667,0.33324120348153136,0.5867969110306755,amphibians,high,neo_specialization
log(high.age + 1),-0.07542589285608138,0.03376885238718237,-2.2335936084316197,0.02566704848698164,0.00283509009421768,0.4636994527759667,0.33324120348153136,0.5867969110306755,amphibians,high,neo_specialization
(Intercept),1.1300871938648247,0.1523471715156295,7.417841648270363,2.0539125955565399e-13,-6.64653503275543e-4,0.7308376211177593,0.6560987354946196,0.7913294511208198,amphibians,high,neo_marginality
log(high.age + 1),-0.00256424058969774,0.00982543251664131,-0.2609799197495579,0.7941463212395221,-6.64653503275543e-4,0.7308376211177593,0.6560987354946196,0.7913294511208198,amphibians,high,neo_marginality
(Intercept),2.329597024263239,0.2877898553140867,8.094785070588312,1.3322676295501878e-15,0.00404135815020342,0.3987327666738731,0.2757035912841777,0.5224729707874258,amphibians,high,neo_specialization
log(high.age + 1),-0.08186162390448977,0.03164236020993524,-2.587089691204084,0.00977894437566906,0.00404135815020342,0.3987327666738731,0.2757035912841777,0.5224729707874258,amphibians,high,neo_specialization
(Intercept),1.1335846751942098,0.14221847328474718,7.970727353573595,3.1086244689504387e-15,3.652768899174131e-5,0.7243857788153828,0.6447774807035269,0.7883693424354044,amphibians,high,neo_marginality
log(high.age + 1),-0.01003939087347737,0.00979161465352461,-1.0253049398613308,0.30539619354839953,3.652768899174131e-5,0.7243857788153828,0.6447774807035269,0.7883693424354044,amphibians,high,neo_marginality
(Intercept),2.1826295618412956,0.27409413505308095,7.963065541036143,3.552713678800501e-15,-8.41538951207141e-5,0.4009606794545704,0.27702141982963474,0.5259182597525358,amphibians,high,neo_specialization
log(high.age + 1),-0.0293956060075402,0.0313013018268346,-0.9391176817553114,0.3478320876381018,-8.41538951207141e-5,0.4009606794545704,0.27702141982963474,0.5259182597525358,amphibians,high,neo_specialization
(Intercept),1.1360678243522069,0.15890581038873103,7.149315821574087,1.3988810110276972e-12,5.076494535312194e-4,0.7706305667656039,0.7007190387340292,0.8257788603167443,amphibians,high,neo_marginality
log(high.age + 1),-0.01290976106857213,0.00986486177005451,-1.30866112161456,0.19086364241808407,5.076494535312194e-4,0.7706305667656039,0.7007190387340292,0.8257788603167443,amphibians,high,neo_marginality
(Intercept),2.3420657380926606,0.29287443097023885,7.99682556901205,2.6645352591003757e-15,0.00592161286546272,0.43276601476295856,0.30398441057804865,0.559235608229367,amphibians,high,neo_specialization
log(high.age + 1),-0.09692571656161642,0.03168537163754954,-3.0590051986877183,0.00226282898743068,0.00592161286546272,0.43276601476295856,0.30398441057804865,0.559235608229367,amphibians,high,neo_specialization
(Intercept),1.1603623454827945,0.14596607410024565,7.949534524617604,3.774758283725532e-15,0.00139579339376266,0.7463973338092456,0.6743724597136436,0.8041762381359147,amphibians,high,neo_marginality
log(high.age + 1),-0.01640215332068604,0.0095318911102049,-1.7207659142398082,0.0855139466021071,0.00139579339376266,0.7463973338092456,0.6743724597136436,0.8041762381359147,amphibians,high,neo_marginality
(Intercept),2.293196478658127,0.2992948508125872,7.661997767192069,3.397282455352979e-14,0.00254986743736652,0.45924731933711593,0.3304767152326494,0.5813750166679229,amphibians,high,neo_specialization
log(high.age + 1),-0.0660458315634103,0.0308389465718432,-2.1416370824972324,0.03239461658688603,0.00254986743736652,0.45924731933711593,0.3304767152326494,0.5813750166679229,amphibians,high,neo_specialization
(Intercept),1.110202345846978,0.16444462158120732,6.751223209198904,2.1404433780958243e-11,-6.159741675901794e-4,0.7570661763548375,0.6862416765249422,0.8130829521597007,amphibians,high,neo_marginality
log(high.age + 1),0.00349872643510085,0.00947610367984784,0.36921571917172585,0.7120226931344975,-6.159741675901794e-4,0.7570661763548375,0.6862416765249422,0.8130829521597007,amphibians,high,neo_marginality
(Intercept),2.278881945634179,0.3212277290754015,7.094287757142097,2.056799175420565e-12,0.00362004048435275,0.4597797818381214,0.3308918350119432,0.5822226873581627,amphibians,high,neo_specialization
log(high.age + 1),-0.07526903532805101,0.03048211474578776,-2.469285217110871,0.01365675990142389,0.00362004048435275,0.4597797818381214,0.3308918350119432,0.5822226873581627,amphibians,high,neo_specialization
(Intercept),1.1516951155815789,0.1617395371630099,7.120677700597335,1.7101875471325913e-12,0.00140083096456739,0.7536119265754091,0.6770137137806896,0.8137493078619027,amphibians,high,neo_marginality
log(high.age + 1),-0.0166296517519777,0.00965255352111996,-1.7228240916345845,0.08514085402299054,0.00140083096456739,0.7536119265754091,0.6770137137806896,0.8137493078619027,amphibians,high,neo_marginality
(Intercept),2.3077444994920153,0.3152627193431261,7.320067860546203,4.1611158962950867e-13,0.00439769565368832,0.45462531952618374,0.3223970052453811,0.5815716144618579,amphibians,high,neo_specialization
log(high.age + 1),-0.08328088031315972,0.03104294413218227,-2.682763592220697,0.00738749077558509,0.00439769565368832,0.45462531952618374,0.3223970052453811,0.5815716144618579,amphibians,high,neo_specialization
(Intercept),1.1194639271859887,0.15960134026897221,7.014126105077714,3.588684904798356e-12,-6.982513194960228e-4,0.7489011194811186,0.6748553022453518,0.8078404095491277,amphibians,high,neo_marginality
log(high.age + 1),-0.00146058602139569,0.01007014303299855,-0.14504123889894543,0.8846991597694629,-6.982513194960228e-4,0.7489011194811186,0.6748553022453518,0.8078404095491277,amphibians,high,neo_marginality
(Intercept),2.2468914964826716,0.3360965354091971,6.685256346802516,3.3184344161441004e-11,0.00165168306650664,0.494411790657076,0.36123985116317486,0.6162492007827346,amphibians,high,neo_specialization
log(high.age + 1),-0.05878299082876422,0.03225579506709966,-1.822400926918147,0.06860710373099788,0.00165168306650664,0.494411790657076,0.36123985116317486,0.6162492007827346,amphibians,high,neo_specialization
(Intercept),1.1336432576999342,0.14939104333405798,7.588428545645532,5.861977570020828e-14,-2.4234594512239152e-4,0.7526766021482055,0.6804318312585185,0.8104314719734212,amphibians,high,neo_marginality
log(high.age + 1),-0.00745037147856554,0.00917027996505775,-0.8124475487067229,0.41667280083515945,-2.4234594512239152e-4,0.7526766021482055,0.6804318312585185,0.8104314719734212,amphibians,high,neo_marginality
(Intercept),2.296903432879742,0.30633847510383655,7.497926703791236,1.1457501614131618e-13,0.00346140098253237,0.4759052447397522,0.34049787380618307,0.6007487343646424,amphibians,high,neo_specialization
log(high.age + 1),-0.07138487235367742,0.02945562788740117,-2.423471420353267,0.0154988563243541,0.00346140098253237,0.4759052447397522,0.34049787380618307,0.6007487343646424,amphibians,high,neo_specialization
(Intercept),1.1381508079504856,0.16208716978905363,7.021843921586873,3.4021674366613297e-12,1.8331160999598856e-4,0.7835013998276009,0.7155014853487033,0.836654688511922,amphibians,high,neo_marginality
log(high.age + 1),-0.01085348352038635,0.00967968458688836,-1.12126417167435,0.26236744392455735,1.8331160999598856e-4,0.7835013998276009,0.7155014853487033,0.836654688511922,amphibians,high,neo_marginality
(Intercept),2.2682744188407327,0.2882211593436134,7.869909426519675,7.105427357601002e-15,0.00134792211025736,0.42151907900067526,0.2929514051668695,0.5486639896347104,amphibians,high,neo_specialization
log(high.age + 1),-0.05334456283173917,0.03135915588437044,-1.7010841436049742,0.08914893168229465,0.00134792211025736,0.42151907900067526,0.2929514051668695,0.5486639896347104,amphibians,high,neo_specialization
(Intercept),1.1445186144240789,0.16398534839778403,6.979395571656724,4.559463917530593e-12,4.1143946523478146e-4,0.7655243363914072,0.6974190198144221,0.819600268657096,amphibians,high,neo_marginality
log(high.age + 1),-0.0124299232047485,0.00989658883766933,-1.2559805614472488,0.20933227568073276,4.1143946523478146e-4,0.7655243363914072,0.6974190198144221,0.819600268657096,amphibians,high,neo_marginality
(Intercept),2.3741083381953447,0.30822156789593663,7.702602885327296,2.5091040356528535e-14,0.00691382561738892,0.4394939442826152,0.31651920631719804,0.5585884848504729,amphibians,high,neo_specialization
log(high.age + 1),-0.10459155538925802,0.03187400080236417,-3.281406561974492,0.00105830935586004,0.00691382561738892,0.4394939442826152,0.31651920631719804,0.5585884848504729,amphibians,high,neo_specialization
(Intercept),1.1364523524410162,0.15880020818588575,7.156491577836764,1.3300471835009377e-12,4.48891131103408e-5,0.7523593601032724,0.677271851833211,0.8113547291835335,amphibians,high,neo_marginality
log(high.age + 1),-0.00996782097591936,0.00966801292801783,-1.0310103068886771,0.3027138094628201,4.48891131103408e-5,0.7523593601032724,0.677271851833211,0.8113547291835335,amphibians,high,neo_marginality
(Intercept),2.2178023603837898,0.30218466540020333,7.339228671470163,3.623767952376511e-13,3.89788162956657e-4,0.4352583371273752,0.3033070447236997,0.5626913601011069,amphibians,high,neo_specialization
log(high.age + 1),-0.03867535525508205,0.03109403463137891,-1.2438191348784424,0.21377406020550116,3.89788162956657e-4,0.4352583371273752,0.3033070447236997,0.5626913601011069,amphibians,high,neo_specialization
(Intercept),1.1593978923025274,0.147951927083079,7.836314910933835,9.103828801926284e-15,0.00152499134558499,0.7512040325480784,0.6800228562052636,0.8082578196664311,amphibians,high,neo_marginality
log(high.age + 1),-0.01703352162329685,0.00960824250497333,-1.7728030505558223,0.07647844234364487,0.00152499134558499,0.7512040325480784,0.6800228562052636,0.8082578196664311,amphibians,high,neo_marginality
(Intercept),2.3287650675219953,0.27505825502763803,8.466443107799108,0,0.00434909941113046,0.4022447801876107,0.2835638424169976,0.5218334614014698,amphibians,high,neo_specialization
log(high.age + 1),-0.08319295160112299,0.031159414880513,-2.669913793957395,0.00767473447916833,0.00434909941113046,0.4022447801876107,0.2835638424169976,0.5218334614014698,amphibians,high,neo_specialization
(Intercept),1.1205516776366524,0.1738584663786386,6.445194766622713,1.5839085598656766e-10,-6.052295880090258e-4,0.7834219760809951,0.7149978476795353,0.8367328798197721,amphibians,high,neo_marginality
log(high.age + 1),-0.00387390105299194,0.00995678877146067,-0.3890713303164347,0.6972824641593405,-6.052295880090258e-4,0.7834219760809951,0.7149978476795353,0.8367328798197721,amphibians,high,neo_marginality
(Intercept),2.258169187527754,0.33915038790919144,6.658312265095759,3.964872874462344e-11,0.00223195079548463,0.4913945872991358,0.36044902531390927,0.6113153275673296,amphibians,high,neo_specialization
log(high.age + 1),-0.06499482562583309,0.03194926577452503,-2.034313592197075,0.04210787797630599,0.00223195079548463,0.4913945872991358,0.36044902531390927,0.6113153275673296,amphibians,high,neo_specialization
(Intercept),1.1153554804329486,0.15185591974898482,7.344827137964801,3.481659405224491e-13,-6.80958897372072e-4,0.74922309262221,0.6750421987894253,0.8081119264136385,amphibians,high,neo_marginality
log(high.age + 1),-0.00208717743388464,0.00981022698754098,-0.2127552641274629,0.8315487881295782,-6.80958897372072e-4,0.74922309262221,0.6750421987894253,0.8081119264136385,amphibians,high,neo_marginality
(Intercept),2.193978994163468,0.29631065094389736,7.4043203886682765,2.2648549702353193e-13,-8.127215487056736e-5,0.4444005509261541,0.31312213527434396,0.5694466571100376,amphibians,high,neo_specialization
log(high.age + 1),-0.02964238513930126,0.03149198965190743,-0.9412674609305244,0.3467299644110533,-8.127215487056736e-5,0.4444005509261541,0.31312213527434396,0.5694466571100376,amphibians,high,neo_specialization
(Intercept),1.1732210821314415,0.1519187592731624,7.722687360959115,2.1538326677728037e-14,0.00344915672541632,0.767634732979296,0.7004388033145565,0.8208814284862489,amphibians,high,neo_marginality
log(high.age + 1),-0.02368516833088324,0.0097876643488136,-2.419899935959105,0.01565125765878194,0.00344915672541632,0.767634732979296,0.7004388033145565,0.8208814284862489,amphibians,high,neo_marginality
(Intercept),2.2372525440116595,0.31326696955383426,7.141680296515245,1.4761525335416081e-12,3.5253120075574466e-4,0.49003557032467815,0.3583544980512816,0.611291840747904,amphibians,high,neo_specialization
log(high.age + 1),-0.03869978935223596,0.03165341609784339,-1.2226101989311875,0.2216824449644339,3.5253120075574466e-4,0.49003557032467815,0.3583544980512816,0.611291840747904,amphibians,high,neo_specialization
(Intercept),1.1351434434940528,0.14113704173705663,8.042845659248448,1.7763568394002505e-15,8.969773341665555e-5,0.7254389093782386,0.6487430775580806,0.7876989087158033,amphibians,high,neo_marginality
log(high.age + 1),-0.01036203327436256,0.00976569881503099,-1.061064187072175,0.28884347909687835,8.969773341665555e-5,0.7254389093782386,0.6487430775580806,0.7876989087158033,amphibians,high,neo_marginality
(Intercept),2.161036405503988,0.27373016948539536,7.894768813999102,5.773159728050814e-15,-5.540395983549608e-4,0.4053956422616344,0.283495673358865,0.5287873628175126,amphibians,high,neo_specialization
log(high.age + 1),-0.01486296675259354,0.03146612004404136,-0.4723482504926152,0.636751748773777,-5.540395983549608e-4,0.4053956422616344,0.283495673358865,0.5287873628175126,amphibians,high,neo_specialization
(Intercept),1.1343938279357344,0.14540751619733638,7.801479989495306,1.199040866595169e-14,-6.691482205581057e-4,0.7361869327228318,0.6593788159488942,0.7976324652068176,amphibians,high,neo_marginality
log(high.age + 1),-0.00241325216806628,0.00970651614690393,-0.24862186716044768,0.8036897049577751,-6.691482205581057e-4,0.7361869327228318,0.6593788159488942,0.7976324652068176,amphibians,high,neo_marginality
(Intercept),2.3308044473749012,0.2877649397036452,8.099681808962831,1.3322676295501878e-15,0.00476923110334317,0.4340955432413369,0.3086832320185222,0.5564249312357167,amphibians,high,neo_specialization
log(high.age + 1),-0.0861455067922854,0.03099782949156963,-2.779081897192643,0.00552405318580495,0.00476923110334317,0.4340955432413369,0.3086832320185222,0.5564249312357167,amphibians,high,neo_specialization
(Intercept),1.152786894187877,0.14674008997043095,7.855977834143149,7.993605777301127e-15,3.0088025552356596e-4,0.7140922194692649,0.6338461365667942,0.7788020325883163,amphibians,high,neo_marginality
log(high.age + 1),-0.01155062817250586,0.00968536055723977,-1.1925862856878169,0.23323323868500337,3.0088025552356596e-4,0.7140922194692649,0.6338461365667942,0.7788020325883163,amphibians,high,neo_marginality
(Intercept),2.2793008732660476,0.3104820347814288,7.3411683058268276,3.574918139293004e-13,0.00225186436104929,0.4581914520785491,0.32419451656428666,0.585005738778017,amphibians,high,neo_specialization
log(high.age + 1),-0.06327450320542086,0.03099868336287692,-2.0411997007975016,0.04141789853917155,0.00225186436104929,0.4581914520785491,0.32419451656428666,0.585005738778017,amphibians,high,neo_specialization
(Intercept),1.130642675205353,0.16077982258388043,7.032242336350917,3.1659119770210964e-12,-6.19873759043189e-4,0.7593995756157577,0.6865532342136846,0.8172897638017274,amphibians,high,neo_marginality
log(high.age + 1),-0.0034846416112106,0.00963299875821411,-0.3617400664812953,0.7176007932984381,-6.19873759043189e-4,0.7593995756157577,0.6865532342136846,0.8172897638017274,amphibians,high,neo_marginality
(Intercept),2.2239457176672537,0.32424590743498033,6.858824326451097,1.0382361637084614e-11,4.076587436733649e-4,0.4797100691053871,0.3457153262068764,0.6036760135611824,amphibians,high,neo_specialization
log(high.age + 1),-0.03874958366675967,0.03090410127097054,-1.2538654118105257,0.21009995801104345,4.076587436733649e-4,0.4797100691053871,0.3457153262068764,0.6036760135611824,amphibians,high,neo_specialization
(Intercept),1.1478313487883398,0.1364961236472272,8.40925967798835,0,0.00117032510506093,0.7334655089201698,0.6594015571717164,0.7936162604132749,amphibians,high,neo_marginality
log(high.age + 1),-0.01603982078526587,0.00986456229596682,-1.6260043075427508,0.10417347422834444,0.00117032510506093,0.7334655089201698,0.6594015571717164,0.7936162604132749,amphibians,high,neo_marginality
(Intercept),2.1672498525839994,0.3006024486186124,7.209687953452717,9.139355938714289e-13,-3.110672317464199e-4,0.4909772230010679,0.35821260558686774,0.613690098019793,amphibians,high,neo_specialization
log(high.age + 1),-0.0238857210972962,0.03181347483457898,-0.750805161067603,0.45289591561870046,-3.110672317464199e-4,0.4909772230010679,0.35821260558686774,0.613690098019793,amphibians,high,neo_specialization
(Intercept),1.1391307663454502,0.15253865637028416,7.467816968180419,1.425526363618701e-13,2.4839202460237255e-4,0.7446124499374254,0.6709032590197562,0.8038815308384465,amphibians,high,neo_marginality
log(high.age + 1),-0.01160745839977598,0.00999536557257433,-1.1612840286327268,0.2457240876746785,2.4839202460237255e-4,0.7446124499374254,0.6709032590197562,0.8038815308384465,amphibians,high,neo_marginality
(Intercept),2.229285686222962,0.3006748969401538,7.414272720834018,2.107203300738547e-13,3.390023030009144e-4,0.4389554098530607,0.3107462668138699,0.56367704638425975,amphibians,high,neo_specialization
log(high.age + 1),-0.03941794210107802,0.03244762491818368,-1.2148174851154718,0.2246402655098989,3.390023030009144e-4,0.4389554098530607,0.3107462668138699,0.56367704638425975,amphibians,high,neo_specialization
(Intercept),1.1472810608159807,0.14651296831730495,7.830576869695929,9.547918011776346e-15,7.088473379755063e-4,0.7236751078055949,0.6511780001435049,0.7827274970491288,amphibians,high,neo_marginality
log(high.age + 1),-0.01472429020406469,0.0104241142257989,-1.4125219548748964,0.1580182660844296,7.088473379755063e-4,0.7236751078055949,0.6511780001435049,0.7827274970491288,amphibians,high,neo_marginality
(Intercept),2.179770217119169,0.31423192483320217,6.93681973362896,6.105782546228511e-12,-2.3505829648187452e-4,0.4656562615966651,0.3374224379009776,0.5862502300254004,amphibians,high,neo_specialization
log(high.age + 1),-0.02745940787209341,0.03353973041704367,-0.8187128378986475,0.413089405703309,-2.3505829648187452e-4,0.4656562615966651,0.3374224379009776,0.5862502300254004,amphibians,high,neo_specialization
(Intercept),1.125148725487895,0.15097759629768845,7.452421770375752,1.596500709410975e-13,-3.1488564679241015e-4,0.7444282752831372,0.6702680278237036,0.8037835760896023,amphibians,high,neo_marginality
log(high.age + 1),-0.00751386796484629,0.0100556129101557,-0.7472312261799217,0.4550492967753747,-3.1488564679241015e-4,0.7444282752831372,0.6702680278237036,0.8037835760896023,amphibians,high,neo_marginality
(Intercept),2.179352775648123,0.3024611639671389,7.205397040278864,9.419132140919828e-13,-3.698409174763406e-4,0.45030096884521525,0.3220192714193432,0.5733667767698508,amphibians,high,neo_specialization
log(high.age + 1),-0.02260492291806945,0.03258313226953442,-0.6937615061399515,0.48794671172146376,-3.698409174763406e-4,0.45030096884521525,0.3220192714193432,0.5733667767698508,amphibians,high,neo_specialization
(Intercept),1.130005556299691,0.15306904935795282,7.382325565092958,2.6556534749033744e-13,-6.468165339846152e-4,0.7528246005981019,0.6802539176690517,0.8104262519648237,amphibians,high,neo_marginality
log(high.age + 1),-0.0030072962177296,0.00985585653830516,-0.30512784008590516,0.760314079748686,-6.468165339846152e-4,0.7528246005981019,0.6802539176690517,0.8104262519648237,amphibians,high,neo_marginality
(Intercept),2.216402456951077,0.2917136923144102,7.597869127659012,5.46229728115577e-14,-2.789047829364054e-4,0.4266702145334567,0.2964683866509395,0.5534189482314548,amphibians,high,neo_specialization
log(high.age + 1),-0.02481979050113521,0.031809640289625823,-0.7802600178798553,0.4353695490905291,-2.789047829364054e-4,0.4266702145334567,0.2964683866509395,0.5534189482314548,amphibians,high,neo_specialization
(Intercept),1.1155226122308008,0.15616183294839217,7.143375504560419,1.4586110097525309e-12,-6.710442147105234e-4,0.7598886539288814,0.6869488171841786,0.8175458783625431,amphibians,high,neo_marginality
log(high.age + 1),-0.00241336454304481,0.00992252891929307,-0.24322071144104573,0.8078700031631891,-6.710442147105234e-4,0.7598886539288814,0.6869488171841786,0.8175458783625431,amphibians,high,neo_marginality
(Intercept),2.151747372692056,0.3187737676728889,6.750076671616472,2.1568968833207688e-11,-4.79150078602976e-4,0.4814633696885032,0.35387778565758393,0.6008545943887242,amphibians,high,neo_specialization
log(high.age + 1),-0.01822302589427616,0.0318151756539539,-0.5727777866915988,0.5668870048165182,-4.79150078602976e-4,0.4814633696885032,0.35387778565758393,0.6008545943887242,amphibians,high,neo_specialization
(Intercept),1.14474868315428,0.15496103001760644,7.387332692769372,2.5623947408348613e-13,2.6971531380717785e-4,0.7513267618445715,0.6778307052738547,0.8098756703635851,amphibians,high,neo_marginality
log(high.age + 1),-0.01153256005188403,0.00982246166998298,-1.1741007946233109,0.2405540526215653,2.6971531380717785e-4,0.7513267618445715,0.6778307052738547,0.8098756703635851,amphibians,high,neo_marginality
(Intercept),2.322163822016699,0.2935386554377321,7.910930226732254,5.10702591327572e-15,0.00443438860737245,0.4234084999563958,0.2995560324002777,0.5469966240874515,amphibians,high,neo_specialization
log(high.age + 1),-0.08499878994945576,0.03156959045602389,-2.692426120251961,0.00717789429431814,0.00443438860737245,0.4234084999563958,0.2995560324002777,0.5469966240874515,amphibians,high,neo_specialization
(Intercept),1.1163524758384051,0.14953442534095923,7.46552155661124,1.452171716209705e-13,-6.780421110157085e-4,0.740482486943961,0.6674328168751347,0.7993265253424137,amphibians,high,neo_marginality
log(high.age + 1),-0.0021795917818073,0.00981126468325208,-0.2221519704312824,0.8242279372940873,-6.780421110157085e-4,0.740482486943961,0.6674328168751347,0.7993265253424137,amphibians,high,neo_marginality
(Intercept),2.126408273415492,0.28991847673344323,7.33450415914869,3.7503333771837793e-13,-7.131900619611374e-4,0.4235141935354573,0.29717280254991457,0.5503974202489197,amphibians,high,neo_specialization
log(high.age + 1),-3.2799011158352737e-4,0.03164057868220941,-0.01036612240495925,0.9917306539029532,-7.131900619611374e-4,0.4235141935354573,0.29717280254991457,0.5503974202489197,amphibians,high,neo_specialization
(Intercept),1.1286141855088967,0.15154406404101553,7.447432485401977,1.6564527527407338e-13,-5.319413379906853e-4,0.7329236892818595,0.6586912055775385,0.7926781490163005,amphibians,high,neo_marginality
log(high.age + 1),-0.00506231684309311,0.01004295334208837,-0.5040665500135084,0.6142938117715175,-5.319413379906853e-4,0.7329236892818595,0.6586912055775385,0.7926781490163005,amphibians,high,neo_marginality
(Intercept),2.271804489166597,0.3189942385288742,7.121772793275579,1.6973089600469393e-12,0.00232300043556989,0.4709522230826827,0.3378826827769791,0.5957373734358175,amphibians,high,neo_specialization
log(high.age + 1),-0.06654764162998553,0.03221689254813875,-2.0656132968302106,0.03904841168536843,0.00232300043556989,0.4709522230826827,0.3378826827769791,0.5957373734358175,amphibians,high,neo_specialization
(Intercept),1.168351408715543,0.15335185054617934,7.618763024732549,4.6851411639181606e-14,0.00476710416595043,0.7505190688390322,0.676467492680653,0.8098268472686702,amphibians,high,neo_marginality
log(high.age + 1),-0.0265839203907083,0.00956758667394309,-2.778539802843747,0.00553322763859087,0.00476710416595043,0.7505190688390322,0.676467492680653,0.8098268472686702,amphibians,high,neo_marginality
(Intercept),2.2998667154325543,0.29609032341209285,7.767449773195201,1.532107773982716e-14,0.0040956414850465,0.43364126908213735,0.3053879832011892,0.5601822644203661,amphibians,high,neo_specialization
log(high.age + 1),-0.08041246855426111,0.03090544198008327,-2.6018870270835204,0.00936890267266887,0.0040956414850465,0.43364126908213735,0.3053879832011892,0.5601822644203661,amphibians,high,neo_specialization
(Intercept),1.1685145038760854,0.15330119302506948,7.622344489419578,4.5741188614556456e-14,0.00313084238643767,0.7394714888526045,0.6655594710902228,0.7986799574966297,amphibians,high,neo_marginality
log(high.age + 1),-0.02256453198592729,0.00970450857060718,-2.325159674161172,0.02020555845640559,0.00313084238643767,0.7394714888526045,0.6655594710902228,0.7986799574966297,amphibians,high,neo_marginality
(Intercept),2.213830603170232,0.31061929710782304,7.127150900743173,1.6344703368531557e-12,3.5172675911940076e-4,0.4544044904828215,0.32127701466736097,0.582360474343326,amphibians,high,neo_specialization
log(high.age + 1),-0.03841601640848,0.03143318934627775,-1.222148220000117,0.22185701209897335,3.5172675911940076e-4,0.4544044904828215,0.32127701466736097,0.582360474343326,amphibians,high,neo_specialization
(Intercept),1.1567146966926631,0.15812340103884,7.315265729760886,4.305444889496357e-13,0.00189587937750608,0.7649334815794847,0.6937710098733229,0.8212075371347725,amphibians,high,neo_marginality
log(high.age + 1),-0.01881448527375176,0.0098278168963252,-1.9144114580306073,0.0557709633895016,0.00189587937750608,0.7649334815794847,0.6937710098733229,0.8212075371347725,amphibians,high,neo_marginality
(Intercept),2.318137868040423,0.3058377226351189,7.579633565366586,6.261657858885884e-14,0.00536546926741654,0.45471616706592216,0.32828856712951,0.5747120923795923,amphibians,high,neo_specialization
log(high.age + 1),-0.09249218269468396,0.03159774905031465,-2.927176317129556,0.00347570703220423,0.00536546926741654,0.45471616706592216,0.32828856712951,0.5747120923795923,amphibians,high,neo_specialization
(Intercept),1.1391307663454502,0.15253865637028416,7.467816968180419,1.425526363618701e-13,2.4839202460237255e-4,0.7446124499374254,0.6709032590197562,0.8038815308384465,amphibians,high,neo_marginality
log(high.age + 1),-0.01160745839977598,0.00999536557257433,-1.1612840286327268,0.2457240876746785,2.4839202460237255e-4,0.7446124499374254,0.6709032590197562,0.8038815308384465,amphibians,high,neo_marginality
(Intercept),2.229285686222962,0.3006748969401538,7.414272720834018,2.107203300738547e-13,3.390023030009144e-4,0.4389554098530607,0.3107462668138699,0.56367704638425975,amphibians,high,neo_specialization
log(high.age + 1),-0.03941794210107802,0.03244762491818368,-1.2148174851154718,0.2246402655098989,3.390023030009144e-4,0.4389554098530607,0.3107462668138699,0.56367704638425975,amphibians,high,neo_specialization
(Intercept),1.120025700749368,0.15728539474500855,7.120977141998189,1.7066348334537906e-12,-6.982593265910211e-4,0.7528860508272999,0.6811016084106161,0.8099417779808057,amphibians,high,neo_marginality
log(high.age + 1),-0.00136406009980126,0.00940714488215947,-0.1450025610202082,0.8847296917617427,-6.982593265910211e-4,0.7528860508272999,0.6811016084106161,0.8099417779808057,amphibians,high,neo_marginality
(Intercept),2.2923412518690256,0.30551526044953886,7.503197216715286,1.1013412404281553e-13,0.00286857057888675,0.44519959782828705,0.31397316807445197,0.5705142662629056,amphibians,high,neo_specialization
log(high.age + 1),-0.06807042583377466,0.03033246698014264,-2.2441440677521363,0.02497863346298912,0.00286857057888675,0.44519959782828705,0.31397316807445197,0.5705142662629056,amphibians,high,neo_specialization
(Intercept),1.152244679665879,0.14990334146772863,7.686584357520379,2.8421709430404014e-14,0.00111879146564234,0.738047389088793,0.6626740668827159,0.7985583259862145,amphibians,high,neo_marginality
log(high.age + 1),-0.01573382909085009,0.00981177785110299,-1.6035655647341591,0.10903508459211776,0.00111879146564234,0.738047389088793,0.6626740668827159,0.7985583259862145,amphibians,high,neo_marginality
(Intercept),2.325238186027452,0.29154865520136136,7.975472170919464,3.1086244689504387e-15,0.0035645767067978,0.42509794246251664,0.29992176251214686,0.548514385738129,amphibians,high,neo_specialization
log(high.age + 1),-0.07763454967284222,0.03164413043190473,-2.4533633445831184,0.01427374420951244,0.0035645767067978,0.42509794246251664,0.29992176251214686,0.548514385738129,amphibians,high,neo_specialization
(Intercept),1.1234839405016286,0.14660100566928186,7.66354865965997,3.3528735343679734e-14,-2.3397915464116824e-4,0.7451720666326994,0.6692515389637221,0.8057578923882415,amphibians,high,neo_marginality
log(high.age + 1),-0.00789223266205122,0.00962894209591536,-0.8196365274020226,0.41256265692723915,-2.3397915464116824e-4,0.7451720666326994,0.6692515389637221,0.8057578923882415,amphibians,high,neo_marginality
(Intercept),2.285010737649699,0.2864716158346238,7.976394907371223,3.1086244689504387e-15,0.0031587216997124,0.4360371982834273,0.3085060270252409,0.56142406547579915,amphibians,high,neo_specialization
log(high.age + 1),-0.07227395031793582,0.03097089569179025,-2.333608657533729,0.0197569571101952,0.0031587216997124,0.4360371982834273,0.3085060270252409,0.56142406547579915,amphibians,high,neo_specialization
(Intercept),1.111991457927797,0.16362461654462446,6.795991223145385,1.5860424085190058e-11,-7.126413813006978e-4,0.7766099408940115,0.7080693362661153,0.8307716622004637,amphibians,high,neo_marginality
log(high.age + 1),-2.8279622537617094e-4,0.00955393183037612,-0.02959998358759877,0.9763902912429564,-7.126413813006978e-4,0.7766099408940115,0.7080693362661153,0.8307716622004637,amphibians,high,neo_marginality
(Intercept),2.315481569955234,0.28650941551539677,8.08169450832865,1.3322676295501878e-15,0.00447320299803559,0.40587968043579814,0.2805426516098715,0.5320897200063694,amphibians,high,neo_specialization
log(high.age + 1),-0.08401754628340419,0.03108755304808694,-2.70261046771497,0.00696277713637183,0.00447320299803559,0.40587968043579814,0.2805426516098715,0.5320897200063694,amphibians,high,neo_specialization
(Intercept),1.145193646001368,0.1467522260634084,7.803586199139188,1.1546319456101628e-14,0.00103024308614733,0.7174364396814323,0.637284783134269,0.7822181864049979,amphibians,high,neo_marginality
log(high.age + 1),-0.01513256588398893,0.00967392095464801,-1.5642639582162616,0.11798126666824538,0.00103024308614733,0.7174364396814323,0.637284783134269,0.7822181864049979,amphibians,high,neo_marginality
(Intercept),2.2560280290174775,0.30215748449328284,7.466397970584212,1.4432899320127038e-13,0.00256176205710722,0.444020691419101,0.3172149033644473,0.5673654157428654,amphibians,high,neo_specialization
log(high.age + 1),-0.06646741862398592,0.03097920363697722,-2.1455496210577034,0.03208023773524493,0.00256176205710722,0.444020691419101,0.3172149033644473,0.5673654157428654,amphibians,high,neo_specialization
(Intercept),1.1354356035965412,0.15878521413611468,7.150764066881046,1.3846701563124952e-12,-2.6225738949326653e-4,0.7448746123977489,0.6676380016303612,0.8063140990853338,amphibians,high,neo_marginality
log(high.age + 1),-0.00787876388471826,0.00990942000741185,-0.7950782062749646,0.42670258707880926,-2.6225738949326653e-4,0.7448746123977489,0.6676380016303612,0.8063140990853338,amphibians,high,neo_marginality
(Intercept),2.296742353159608,0.3175515209100767,7.232660535138777,7.764899834228345e-13,0.00353238263203435,0.458392465538252,0.3247275722837506,0.5854881261306284,amphibians,high,neo_specialization
log(high.age + 1),-0.07763832880478312,0.0317659393912006,-2.4440747005356784,0.01464494488803014,0.00353238263203435,0.458392465538252,0.3247275722837506,0.5854881261306284,amphibians,high,neo_specialization
(Intercept),1.1075663196527823,0.1644392985180709,6.735411362333605,2.3784973990359504e-11,-6.749660183633015e-4,0.7685768341570991,0.6995932567002017,0.8230553358554972,amphibians,high,neo_marginality
log(high.age + 1),0.00225718268917991,0.00974396285882617,0.2316493527205249,0.8168441762678964,-6.749660183633015e-4,0.7685768341570991,0.6995932567002017,0.8230553358554972,amphibians,high,neo_marginality
(Intercept),2.3181597256371167,0.30187067765949166,7.679314014897423,2.9753977059954195e-14,0.00509542975196088,0.43029768216054487,0.30632237060860024,0.5508516409088461,amphibians,high,neo_specialization
log(high.age + 1),-0.09006338531141819,0.03147934085393728,-2.8610314850399265,0.00428529603872274,0.00509542975196088,0.43029768216054487,0.30632237060860024,0.5508516409088461,amphibians,high,neo_specialization
(Intercept),1.158312467906127,0.15654367617712958,7.39929262038981,2.349231920106831e-13,0.0020334703172269,0.7391821938165811,0.6624521955532466,0.8001495051790979,amphibians,high,neo_marginality
log(high.age + 1),-0.01952735079183217,0.00994074112439961,-1.964375748997444,0.04968381296913948,0.0020334703172269,0.7391821938165811,0.6624521955532466,0.8001495051790979,amphibians,high,neo_marginality
(Intercept),2.200393228321207,0.3511223425471714,6.266742276662716,4.895954752726084e-10,1.9533186379638176e-4,0.5258278720098544,0.3912428211088573,0.6444335441026565,amphibians,high,neo_specialization
log(high.age + 1),-0.03587561688994122,0.03178314821157718,-1.128762218617265,0.2591912598798536,1.9533186379638176e-4,0.5258278720098544,0.3912428211088573,0.6444335441026565,amphibians,high,neo_specialization
(Intercept),1.1447288766007238,0.15734582685346113,7.275241418806928,5.733191699164308e-13,7.48063325016613e-4,0.741942417193975,0.6646182835498556,0.8031823135241049,amphibians,high,neo_marginality
log(high.age + 1),-0.01415090580043638,0.0098826535199862,-1.4318933444158777,0.15239723991368903,7.48063325016613e-4,0.741942417193975,0.6646182835498556,0.8031823135241049,amphibians,high,neo_marginality
(Intercept),2.3192338888806048,0.3206048195670729,7.233933326430871,7.696066006701585e-13,0.00458168496008615,0.46874313406319007,0.3338322282167944,0.596345899822008,amphibians,high,neo_specialization
log(high.age + 1),-0.08617910554404748,0.03155729623602341,-2.730877350819173,0.00639575804940451,0.00458168496008615,0.46874313406319007,0.3338322282167944,0.596345899822008,amphibians,high,neo_specialization
(Intercept),1.1402972012315022,0.13225964342191204,8.621656400463152,0,-1.7295166817938182e-4,0.6893857173896768,0.6074945166314538,0.7572423225687575,amphibians,high,neo_marginality
log(high.age + 1),-0.00835335727470555,0.00959844880309927,-0.8702820055682653,0.38429528929559886,-1.7295166817938182e-4,0.6893857173896768,0.6074945166314538,0.7572423225687575,amphibians,high,neo_marginality
(Intercept),2.277100480149284,0.2829326367666231,8.048207185187863,1.7763568394002505e-15,0.00111873161977856,0.42827376993637584,0.30271549793814356,0.551418923935861,amphibians,high,neo_specialization
log(high.age + 1),-0.04931130325135753,0.03075153971391554,-1.6035393255136237,0.1090408729969905,0.00111873161977856,0.42827376993637584,0.30271549793814356,0.551418923935861,amphibians,high,neo_specialization
(Intercept),1.0997955200684293,0.15083242457338406,7.291505942300549,5.10480546722647e-13,-6.312970401784427e-4,0.7472847501649277,0.6741488327743858,0.8056846065592197,amphibians,high,neo_marginality
log(high.age + 1),0.00332013770128996,0.00979698404087679,0.338893856255871,0.7347404421931509,-6.312970401784427e-4,0.7472847501649277,0.6741488327743858,0.8056846065592197,amphibians,high,neo_marginality
(Intercept),2.271753071559095,0.29453741368461095,7.712952467192082,2.3092638912203256e-14,0.00387090058302528,0.4392512023979459,0.31028463990414445,0.5647441719814572,amphibians,high,neo_specialization
log(high.age + 1),-0.07999885299982058,0.03149468981421053,-2.5400743259177863,0.01119005528250705,0.00387090058302528,0.4392512023979459,0.31028463990414445,0.5647441719814572,amphibians,high,neo_specialization
(Intercept),1.144132225290759,0.14132448965728636,8.0957817577498,1.3322676295501878e-15,7.769278518511405e-4,0.716636046099305,0.6387099753168436,0.7802900662040758,amphibians,high,neo_marginality
log(high.age + 1),-0.0142637623221757,0.00986438056314388,-1.4459866213464183,0.1484044557692079,7.769278518511405e-4,0.716636046099305,0.6387099753168436,0.7802900662040758,amphibians,high,neo_marginality
(Intercept),2.2268494805799217,0.2831876626767896,7.863511635821122,7.549516567451064e-15,1.8495136815408584e-4,0.41933005469814494,0.2962964137004737,0.5413085547763421,amphibians,high,neo_specialization
log(high.age + 1),-0.03558293489212214,0.03170565177189902,-1.1222899673571631,0.26193133330221907,1.8495136815408584e-4,0.41933005469814494,0.2962964137004737,0.5413085547763421,amphibians,high,neo_specialization
(Intercept),1.1305127369326324,0.17032641086462552,6.6373308237626025,4.552269672331022e-11,-4.6161392015798874e-4,0.793273627113192,0.7300130710936785,0.8427051188159546,amphibians,high,neo_marginality
log(high.age + 1),-0.00574137232233937,0.00966809702675955,-0.5938471972765981,0.5527101177769744,-4.6161392015798874e-4,0.793273627113192,0.7300130710936785,0.8427051188159546,amphibians,high,neo_marginality
(Intercept),2.1445064203265845,0.3239636476348186,6.6195896853956135,5.114775269987604e-11,-6.951729575468379e-4,0.4787096527778587,0.34580526360441916,0.6030985812762715,amphibians,high,neo_specialization
log(high.age + 1),-0.00499773493820008,0.03138955589007637,-0.15921649085134362,0.8735212440961859,-6.951729575468379e-4,0.4787096527778587,0.34580526360441916,0.6030985812762715,amphibians,high,neo_specialization
(Intercept),1.1394213478806154,0.1392326803314024,8.183576910022548,6.661338147750939e-16,-4.1554279523686053e-5,0.7444393147924127,0.671705601961498,0.8029899142659634,amphibians,high,neo_marginality
log(high.age + 1),-0.00947612113928177,0.00976503739999134,-0.9704131946581358,0.33200795583667886,-4.1554279523686053e-5,0.7444393147924127,0.671705601961498,0.8029899142659634,amphibians,high,neo_marginality
(Intercept),2.199887382135178,0.292275478965218,7.526759993427207,9.259260025373807e-14,6.700551251019343e-4,0.47141734901129906,0.34211392845934796,0.5932658420795744,amphibians,high,neo_specialization
log(high.age + 1),-0.04412607304727032,0.03167481588789653,-1.3930964335654312,0.163811467433425,6.700551251019343e-4,0.47141734901129906,0.34211392845934796,0.5932658420795744,amphibians,high,neo_specialization
(Intercept),1.11108790948194,0.15781826240045316,7.040299979115407,2.994049452809122e-12,-6.738083802662846e-4,0.7700793057246973,0.700982674705371,0.8246658924002706,amphibians,high,neo_marginality
log(high.age + 1),0.00229883612283287,0.00977711309050127,0.2351242234342416,0.8141466543706302,-6.738083802662846e-4,0.7700793057246973,0.700982674705371,0.8246658924002706,amphibians,high,neo_marginality
(Intercept),2.21327660759623,0.30015376715781483,7.373809193047818,2.824407374646398e-13,-2.7544037997366083e-4,0.44913853515333,0.31825670562962227,0.5747179415953269,amphibians,high,neo_specialization
log(high.age + 1),-0.02478403173524683,0.03163783735528783,-0.7833668103456675,0.433544049747427,-2.7544037997366083e-4,0.44913853515333,0.31825670562962227,0.5747179415953269,amphibians,high,neo_specialization
(Intercept),1.135182118261158,0.1500605873910115,7.564825234911445,6.994405055138486e-14,-2.1053421407611647e-4,0.731475846099033,0.655869102474922,0.7921462770074241,amphibians,high,neo_marginality
log(high.age + 1),-0.00795253662419349,0.00947346558228449,-0.8394537938750574,0.4013578226415242,-2.1053421407611647e-4,0.731475846099033,0.655869102474922,0.7921462770074241,amphibians,high,neo_marginality
(Intercept),2.2513755042024872,0.3098261580949711,7.266576579735958,6.09956529729061e-13,0.00129544668934448,0.4597783212636963,0.32791235674732444,0.584516100125269,amphibians,high,neo_specialization
log(high.age + 1),-0.05098751218027875,0.03036332557100915,-1.6792466313031778,0.09332680497174284,0.00129544668934448,0.4597783212636963,0.32791235674732444,0.584516100125269,amphibians,high,neo_specialization
(Intercept),1.129028874399168,0.1698420700148566,6.647521867228823,4.2570391656227e-11,-2.996393566869203e-4,0.7691395943979,0.6975764425575476,0.8251638827301141,amphibians,high,neo_marginality
log(high.age + 1),-0.007235342304162,0.00950266630780944,-0.761401281471483,0.446545472165198,-2.996393566869203e-4,0.7691395943979,0.6975764425575476,0.8251638827301141,amphibians,high,neo_marginality
(Intercept),2.3114367099540947,0.30278250111381105,7.633983805045797,4.1744385725905886e-14,0.00447133672404189,0.4181167101128175,0.2935433361279003,0.5420540086128033,amphibians,high,neo_specialization
log(high.age + 1),-0.08235535268662497,0.03047803301766632,-2.702121644099815,0.00697296829101601,0.00447133672404189,0.4181167101128175,0.2935433361279003,0.5420540086128033,amphibians,high,neo_specialization
(Intercept),1.145802066932191,0.15771940308551777,7.264813615297037,6.177280909014371e-13,9.309182906078132e-4,0.7470301137894604,0.6721615000614978,0.8068414920749106,amphibians,high,neo_marginality
log(high.age + 1),-0.01476293267946687,0.00971898796215976,-1.5189783892052735,0.12899339881806648,9.309182906078132e-4,0.7470301137894604,0.6721615000614978,0.8068414920749106,amphibians,high,neo_marginality
(Intercept),2.2925518647400507,0.3057104985786373,7.499094324202092,1.13464793116691e-13,0.00272108781204448,0.43874397389728126,0.31237766849591947,0.5618948549139674,amphibians,high,neo_specialization
log(high.age + 1),-0.06857675383772202,0.0312096335191749,-2.1972944281959963,0.02816252902883231,0.00272108781204448,0.43874397389728126,0.31237766849591947,0.5618948549139674,amphibians,high,neo_specialization
(Intercept),1.1412782306454656,0.15657812090926343,7.288874231073657,5.200284647344233e-13,8.891909714352867e-4,0.7674684126420973,0.6949780656076414,0.8245569286312042,amphibians,high,neo_marginality
log(high.age + 1),-0.01441037791927322,0.00960981220636552,-1.499548337659274,0.13395657514642645,8.891909714352867e-4,0.7674684126420973,0.6949780656076414,0.8245569286312042,amphibians,high,neo_marginality
(Intercept),2.3071204505695864,0.28760697439525035,8.021782001012863,2.220446049250313e-15,0.00447755584506833,0.42487345966278217,0.2997512429039366,0.5500048321823984,amphibians,high,neo_specialization
log(high.age + 1),-0.08364433106555723,0.03093641176872408,-2.7037502503803466,0.00693906657543563,0.00447755584506833,0.42487345966278217,0.2997512429039366,0.5500048321823984,amphibians,high,neo_specialization
(Intercept),1.1188719490691692,0.13514392199148262,8.279114092453863,4.440892098500626e-16,-6.952816759729539e-4,0.7446699340264367,0.6685051868434351,0.8051858770596851,amphibians,high,neo_marginality
log(high.age + 1),-0.00152781929385786,0.00962482080127515,-0.15873742747038497,0.8738986108336833,-6.952816759729539e-4,0.7446699340264367,0.6685051868434351,0.8051858770596851,amphibians,high,neo_marginality
(Intercept),2.189768421849991,0.2522860680516064,8.67970411034375,0,-2.1425870868586975e-4,0.3956326757355011,0.2713965639572906,0.5238117852366349,amphibians,high,neo_specialization
log(high.age + 1),-0.02581701418590504,0.0308691556140535,-0.8363369088771438,0.4031079132277764,-2.1425870868586975e-4,0.3956326757355011,0.2713965639572906,0.5238117852366349,amphibians,high,neo_specialization
(Intercept),1.152063964603136,0.14781482607306853,7.793967595873247,1.2434497875801752e-14,0.00118265696361408,0.7513986499123226,0.6781704367451316,0.8097941693391246,amphibians,high,neo_marginality
log(high.age + 1),-0.01573449927301654,0.00964520641991393,-1.631328412062844,0.10304563036381877,0.00118265696361408,0.7513986499123226,0.6781704367451316,0.8097941693391246,amphibians,high,neo_marginality
(Intercept),2.291631444753817,0.28533500865699557,8.031371458903639,1.9984014443252818e-15,0.00316978125225185,0.43179160422770657,0.3029301844303153,0.5581088386016895,amphibians,high,neo_specialization
log(high.age + 1),-0.07259067648008413,0.03106211720445897,-2.3369519856703045,0.01958186086199642,0.00316978125225185,0.43179160422770657,0.3029301844303153,0.5581088386016895,amphibians,high,neo_specialization
(Intercept),1.1379919854412934,0.1472183530446972,7.7299600349134865,2.042810365310288e-14,-2.562530655804146e-4,0.7322832505226051,0.6589964343254948,0.7916473729891406,amphibians,high,neo_marginality
log(high.age + 1),-0.00791793640312377,0.00989302330364291,-0.800355579897214,0.4236404053765921,-2.562530655804146e-4,0.7322832505226051,0.6589964343254948,0.7916473729891406,amphibians,high,neo_marginality
(Intercept),2.208057963100991,0.2835627357736678,7.786841092065792,1.3322676295501878e-14,-3.404749643832043e-4,0.4071892523154313,0.28423081303654246,0.5308662153545055,amphibians,high,neo_specialization
log(high.age + 1),-0.02319016410282912,0.03208267425082589,-0.7228251585739347,0.4699078680272091,-3.404749643832043e-4,0.4071892523154313,0.28423081303654246,0.5308662153545055,amphibians,high,neo_specialization
(Intercept),1.146997726111238,0.14741946233080175,7.780504066263881,1.376676550535194e-14,-2.784338416418132e-4,0.7517112947015886,0.6779795788477282,0.8106200687814672,amphibians,high,neo_marginality
log(high.age + 1),-0.00741863837427527,0.00950275296798977,-0.7806830714494114,0.43512070907591216,-2.784338416418132e-4,0.7517112947015886,0.6779795788477282,0.8106200687814672,amphibians,high,neo_marginality
(Intercept),2.22790649892321,0.2773453494325173,8.032968656160199,1.9984014443252818e-15,3.305169142790365e-4,0.41093933468060745,0.28898937993644286,0.5331901146639122,amphibians,high,neo_specialization
log(high.age + 1),-0.03727165653607556,0.03080545697371247,-1.209904354539553,0.22651955482944583,3.305169142790365e-4,0.41093933468060745,0.28898937993644286,0.5331901146639122,amphibians,high,neo_specialization
(Intercept),1.1314817947613602,0.1546850338545092,7.314746401552903,4.32098801184111e-13,-3.4095938230976875e-4,0.751154653580009,0.6785323271592743,0.809244691043317,amphibians,high,neo_marginality
log(high.age + 1),-0.00684094045198183,0.00947032769424269,-0.7223551996137004,0.4701965916304216,-3.4095938230976875e-4,0.751154653580009,0.6785323271592743,0.809244691043317,amphibians,high,neo_marginality
(Intercept),2.203447166706144,0.26372203901251456,8.355187814248557,0,-9.7086911880266e-5,0.3575198454461886,0.24363376688241423,0.4777320051782053,amphibians,high,neo_specialization
log(high.age + 1),-0.02834895914363824,0.03050214956776222,-0.9294085677686243,0.35283737927745884,-9.7086911880266e-5,0.3575198454461886,0.24363376688241423,0.4777320051782053,amphibians,high,neo_specialization
(Intercept),1.1075663196527823,0.1644392985180709,6.735411362333605,2.3784973990359504e-11,-6.749660183633015e-4,0.7685768341570991,0.6995932567002017,0.8230553358554972,amphibians,high,neo_marginality
log(high.age + 1),0.00225718268917991,0.00974396285882617,0.2316493527205249,0.8168441762678964,-6.749660183633015e-4,0.7685768341570991,0.6995932567002017,0.8230553358554972,amphibians,high,neo_marginality
(Intercept),2.3181597256371167,0.30187067765949166,7.679314014897423,2.9753977059954195e-14,0.00509542975196088,0.43029768216054487,0.30632237060860024,0.5508516409088461,amphibians,high,neo_specialization
log(high.age + 1),-0.09006338531141819,0.03147934085393728,-2.8610314850399265,0.00428529603872274,0.00509542975196088,0.43029768216054487,0.30632237060860024,0.5508516409088461,amphibians,high,neo_specialization
(Intercept),1.1432072840456935,0.14109479522777338,8.10240577762051,1.1102230246251563e-15,6.277356538571491e-4,0.7311907986734825,0.6556731293535255,0.792326547479928,amphibians,high,neo_marginality
log(high.age + 1),-0.01336973568362476,0.00974759958257433,-1.3715926234316886,0.17040974961301147,6.277356538571491e-4,0.7311907986734825,0.6556731293535255,0.792326547479928,amphibians,high,neo_marginality
(Intercept),2.2720770913937005,0.28460936868486003,7.983142304459793,3.1086244689504387e-15,0.00214976073531078,0.4338174973023877,0.30339445640224844,0.5616473098073768,amphibians,high,neo_specialization
log(high.age + 1),-0.06298608466732025,0.03140440208311999,-2.005645084425141,0.04508598067046465,0.00214976073531078,0.4338174973023877,0.30339445640224844,0.5616473098073768,amphibians,high,neo_specialization
(Intercept),1.155601811010812,0.16142780293164313,7.158629368821636,1.3102852136626097e-12,4.803599394448915e-4,0.7736096278795164,0.7036044223890067,0.8284469173919756,amphibians,high,neo_marginality
log(high.age + 1),-0.01274549261423525,0.00985017672255927,-1.2939354260563676,0.1959008372128697,4.803599394448915e-4,0.7736096278795164,0.7036044223890067,0.8284469173919756,amphibians,high,neo_marginality
(Intercept),2.303188432323699,0.30614760273259206,7.523130711349858,9.50350909079134e-14,0.00383661149095254,0.4510304064377331,0.32488352980234936,0.572820174191538,amphibians,high,neo_specialization
log(high.age + 1),-0.08047373775813903,0.03180135074999745,-2.5305131970894497,0.01149824403270782,0.00383661149095254,0.4510304064377331,0.32488352980234936,0.572820174191538,amphibians,high,neo_specialization
(Intercept),1.1155226122308008,0.15616183294839217,7.143375504560419,1.4586110097525309e-12,-6.710442147105234e-4,0.7598886539288814,0.6869488171841786,0.8175458783625431,amphibians,high,neo_marginality
log(high.age + 1),-0.00241336454304481,0.00992252891929307,-0.24322071144104573,0.8078700031631891,-6.710442147105234e-4,0.7598886539288814,0.6869488171841786,0.8175458783625431,amphibians,high,neo_marginality
(Intercept),2.151747372692056,0.3187737676728889,6.750076671616472,2.1568968833207688e-11,-4.79150078602976e-4,0.4814633696885032,0.35387778565758393,0.6008545943887242,amphibians,high,neo_specialization
log(high.age + 1),-0.01822302589427616,0.0318151756539539,-0.5727777866915988,0.5668870048165182,-4.79150078602976e-4,0.4814633696885032,0.35387778565758393,0.6008545943887242,amphibians,high,neo_specialization
(Intercept),1.150447029443401,0.15155892620748973,7.590757326087128,5.773159728050814e-14,0.00185152681082746,0.7242748138668483,0.6473006342558651,0.7865380768656353,amphibians,high,neo_marginality
log(high.age + 1),-0.01931537254095039,0.01017654710437819,-1.8980281172815936,0.05789760479226502,0.00185152681082746,0.7242748138668483,0.6473006342558651,0.7865380768656353,amphibians,high,neo_marginality
(Intercept),2.1673092125357956,0.32452027882748496,6.678501634370706,3.4700686768474036e-11,-4.0990301179503086e-4,0.47652159475742795,0.3419095314707003,0.6023964567005412,amphibians,high,neo_specialization
log(high.age + 1),-0.02129670828833823,0.0326622143332174,-0.6520289185255738,0.5144893937511892,-4.0990301179503086e-4,0.47652159475742795,0.3419095314707003,0.6023964567005412,amphibians,high,neo_specialization
(Intercept),1.1480195490566074,0.14043986174674214,8.17445655939802,6.661338147750939e-16,6.995021871768595e-4,0.7264415005198568,0.6516722191461328,0.78705006359599206,amphibians,high,neo_marginality
log(high.age + 1),-0.01368376488665932,0.00971950344671329,-1.407866663320806,0.1593922405112984,6.995021871768595e-4,0.7264415005198568,0.6516722191461328,0.78705006359599206,amphibians,high,neo_marginality
(Intercept),2.2764336930445954,0.28140356794160615,8.089569402748214,1.3322676295501878e-15,0.00154166532274005,0.4257725776140224,0.3007921762076285,0.547770047173095,amphibians,high,neo_specialization
log(high.age + 1),-0.05544998887491298,0.03116202680628332,-1.7794089331741536,0.07538932607431947,0.00154166532274005,0.4257725776140224,0.3007921762076285,0.547770047173095,amphibians,high,neo_specialization
(Intercept),1.135182118261158,0.1500605873910115,7.564825234911445,6.994405055138486e-14,-2.1053421407611647e-4,0.731475846099033,0.655869102474922,0.7921462770074241,amphibians,high,neo_marginality
log(high.age + 1),-0.00795253662419349,0.00947346558228449,-0.8394537938750574,0.4013578226415242,-2.1053421407611647e-4,0.731475846099033,0.655869102474922,0.7921462770074241,amphibians,high,neo_marginality
(Intercept),2.2513755042024872,0.3098261580949711,7.266576579735958,6.09956529729061e-13,0.00129544668934448,0.4597783212636963,0.32791235674732444,0.584516100125269,amphibians,high,neo_specialization
log(high.age + 1),-0.05098751218027875,0.03036332557100915,-1.6792466313031778,0.09332680497174284,0.00129544668934448,0.4597783212636963,0.32791235674732444,0.584516100125269,amphibians,high,neo_specialization
(Intercept),1.1418833638282289,0.1526298899618704,7.481387584787561,1.2922996006636822e-13,4.855171261184904e-4,0.7384681448366751,0.6640446329173362,0.7976498878483159,amphibians,high,neo_marginality
log(high.age + 1),-0.01247347962938309,0.00961917248693278,-1.2967310489886488,0.1949371177183288,4.855171261184904e-4,0.7384681448366751,0.6640446329173362,0.7976498878483159,amphibians,high,neo_marginality
(Intercept),2.2792981516217603,0.3186154486168052,7.153759058190062,1.3558043576722412e-12,0.00237275569043607,0.4757881273447942,0.3391696987561032,0.6028853387773688,amphibians,high,neo_specialization
log(high.age + 1),-0.0643964141656547,0.03092233549434794,-2.082521036531191,0.037475820127856,0.00237275569043607,0.4757881273447942,0.3391696987561032,0.6028853387773688,amphibians,high,neo_specialization
(Intercept),1.138327113334583,0.1647913590479741,6.907686907316499,7.449596495234799e-12,4.763607352226575e-4,0.7592974295418903,0.68657674438289,0.8166802116511587,amphibians,high,neo_marginality
log(high.age + 1),-0.01279369402664566,0.00990405380667906,-1.2917633805682565,0.19665200371555255,4.763607352226575e-4,0.7592974295418903,0.68657674438289,0.8166802116511587,amphibians,high,neo_marginality
(Intercept),2.280834378271852,0.313653810461568,7.271821040259043,5.875300246316328e-13,0.0033322720328234,0.44709842097457847,0.3163655184369291,0.5719308256938928,amphibians,high,neo_specialization
log(high.age + 1),-0.07565442339683154,0.0317137305342079,-2.3855415973603975,0.01718612969710697,0.0033322720328234,0.44709842097457847,0.3163655184369291,0.5719308256938928,amphibians,high,neo_specialization
(Intercept),1.118061420328618,0.14952330265316718,7.477506184584905,1.3278267374516872e-13,-7.092983115132065e-4,0.7629217696939148,0.6913006678633753,0.8198003871366611,amphibians,high,neo_marginality
log(high.age + 1),-7.319481731696883e-4,0.009816345181468,-0.07456422524255892,0.9405720760989456,-7.092983115132065e-4,0.7629217696939148,0.6913006678633753,0.8198003871366611,amphibians,high,neo_marginality
(Intercept),2.293110132472407,0.28013234430899353,8.18580995396606,4.440892098500626e-16,0.00298642671855747,0.4241722588030681,0.3010592784886632,0.5470095311123782,amphibians,high,neo_specialization
log(high.age + 1),-0.07203615343646062,0.03158233027603484,-2.2809005164233485,0.02270379234472575,0.00298642671855747,0.4241722588030681,0.3010592784886632,0.5470095311123782,amphibians,high,neo_specialization
(Intercept),1.1469750398883536,0.148312348315671,7.7335100746103,1.9984014443252815e-14,9.303702126633202e-5,0.7545901052479216,0.6831328178825052,0.8117798315652318,amphibians,high,neo_marginality
log(high.age + 1),-0.01083368292369673,0.01018902344269074,-1.063269996838455,0.28784262850749864,9.303702126633202e-5,0.7545901052479216,0.6831328178825052,0.8117798315652318,amphibians,high,neo_marginality
(Intercept),2.2898146526391656,0.2756983085407488,8.305508527632938,2.220446049250313e-16,0.00176235911038869,0.40300568270224607,0.28036258396109376,0.5255606599803417,amphibians,high,neo_specialization
log(high.age + 1),-0.06168677225782353,0.03308205689999619,-1.864659517523248,0.06243796053760375,0.00176235911038869,0.40300568270224607,0.28036258396109376,0.5255606599803417,amphibians,high,neo_specialization
(Intercept),1.1155226122308008,0.15616183294839217,7.143375504560419,1.4586110097525309e-12,-6.710442147105234e-4,0.7598886539288814,0.6869488171841786,0.8175458783625431,amphibians,high,neo_marginality
log(high.age + 1),-0.00241336454304481,0.00992252891929307,-0.24322071144104573,0.8078700031631891,-6.710442147105234e-4,0.7598886539288814,0.6869488171841786,0.8175458783625431,amphibians,high,neo_marginality
(Intercept),2.151747372692056,0.3187737676728889,6.750076671616472,2.1568968833207688e-11,-4.79150078602976e-4,0.4814633696885032,0.35387778565758393,0.6008545943887242,amphibians,high,neo_specialization
log(high.age + 1),-0.01822302589427616,0.0318151756539539,-0.5727777866915988,0.5668870048165182,-4.79150078602976e-4,0.4814633696885032,0.35387778565758393,0.6008545943887242,amphibians,high,neo_specialization
(Intercept),1.1685912881949518,0.14662537115844249,7.969911884704995,3.1086244689504387e-15,0.00260387674551135,0.7434179927105388,0.669351601007121,0.8025599954269788,amphibians,high,neo_marginality
log(high.age + 1),-0.02135203022155524,0.00988819167587609,-2.159346311383416,0.03099245523563176,0.00260387674551135,0.7434179927105388,0.669351601007121,0.8025599954269788,amphibians,high,neo_marginality
(Intercept),2.304396555484282,0.28125286982956177,8.193326371676624,4.440892098500626e-16,0.00224516245944369,0.4154522788047906,0.29045393180217544,0.5402760005410377,amphibians,high,neo_specialization
log(high.age + 1),-0.0650294516223733,0.03189461867728872,-2.0388847498176546,0.04164877645444154,0.00224516245944369,0.4154522788047906,0.29045393180217544,0.5402760005410377,amphibians,high,neo_specialization
(Intercept),1.13787535474879,0.142295277125983,7.996578507249801,2.6645352591003757e-15,2.2551641897759655e-4,0.7215907702362847,0.6444449339229259,0.7842773884750676,amphibians,high,neo_marginality
log(high.age + 1),-0.01093252970049512,0.00952829145798686,-1.147375660022573,0.25142215165699033,2.2551641897759655e-4,0.7215907702362847,0.6444449339229259,0.7842773884750676,amphibians,high,neo_marginality
(Intercept),2.217189021681955,0.28002132687774584,7.917929132054842,4.884981308350689e-15,6.875984324817028e-4,0.40980795139656473,0.2833095793628708,0.5384595698680349,amphibians,high,neo_specialization
log(high.age + 1),-0.04274013749196062,0.0304869777746616,-1.4019145422634474,0.16116211953536697,6.875984324817028e-4,0.40980795139656473,0.2833095793628708,0.5384595698680349,amphibians,high,neo_specialization
(Intercept),1.1389963531056462,0.1582063095370713,7.199436965810482,9.825473767932637e-13,-3.1501386224208687e-4,0.7668801303840258,0.6969682404519432,0.8222138808186238,amphibians,high,neo_marginality
log(high.age + 1),-0.00708386944503538,0.00948168366976711,-0.7471109237300013,0.45512188215462435,-3.1501386224208687e-4,0.7668801303840258,0.6969682404519432,0.8222138808186238,amphibians,high,neo_marginality
(Intercept),2.197599189192069,0.3002420205532446,7.319425792374552,4.178879464689089e-13,-5.149138825553514e-4,0.4424108854607202,0.31668430751795057,0.5635493580823913,amphibians,high,neo_specialization
log(high.age + 1),-0.01615296914017228,0.03063873888710432,-0.5272073762465133,0.5981329976146075,-5.149138825553514e-4,0.4424108854607202,0.31668430751795057,0.5635493580823913,amphibians,high,neo_specialization
(Intercept),1.1093476286900927,0.17487282692422165,6.343739323038512,3.0191804611945367e-10,-5.276973150896712e-4,0.7839247397932927,0.7186803782469948,0.8349933735354064,amphibians,high,neo_marginality
log(high.age + 1),0.00484946609612291,0.00951001587698362,0.5099324921065291,0.6101790200256096,-5.276973150896712e-4,0.7839247397932927,0.7186803782469948,0.8349933735354064,amphibians,high,neo_marginality
(Intercept),2.168839848555553,0.3274485799350701,6.623451685103087,4.9868109641693075e-11,-2.6701290238790427e-4,0.46213500061128665,0.3294676135233202,0.5881257371405619,amphibians,high,neo_specialization
log(high.age + 1),-0.0242245421089512,0.03063010960086511,-0.7908735040330057,0.4291515740703691,-2.6701290238790427e-4,0.46213500061128665,0.3294676135233202,0.5881257371405619,amphibians,high,neo_specialization
(Intercept),1.145396297419126,0.15111478964319433,7.579643925810212,6.261657858885884e-14,1.592256622426459e-4,0.7425264224563207,0.6665307567701981,0.8032625736085779,amphibians,high,neo_marginality
log(high.age + 1),-0.01035528264279363,0.00936208414069651,-1.1060873291855746,0.2688784798368147,1.592256622426459e-4,0.7425264224563207,0.6665307567701981,0.8032625736085779,amphibians,high,neo_marginality
(Intercept),2.3195638103466396,0.29357795076903276,7.901015060124577,5.551115123125783e-15,0.00382708931154863,0.4310471576501054,0.3056194796108648,0.5539035349548173,amphibians,high,neo_specialization
log(high.age + 1),-0.07606871748160064,0.030092238445724,-2.5278517455191083,0.01158536304319435,0.00382708931154863,0.4310471576501054,0.3056194796108648,0.5539035349548173,amphibians,high,neo_specialization
(Intercept),1.1395396344966715,0.16710548949247692,6.819283064593599,1.3560486067376587e-11,-2.620463277537291e-4,0.7744142734329108,0.7065149518231482,0.8276929322367684,amphibians,high,neo_marginality
log(high.age + 1),-0.00775199236363265,0.00974769305271423,-0.7952643073300425,0.42659438318840515,-2.620463277537291e-4,0.7744142734329108,0.7065149518231482,0.8276929322367684,amphibians,high,neo_marginality
(Intercept),2.322665109404934,0.3201827132049091,7.254186480450259,6.661338147750939e-13,0.00587234724386683,0.46713210461817095,0.32779851819084926,0.5979627460646375,amphibians,high,neo_specialization
log(high.age + 1),-0.09600044718564704,0.03150084401930284,-3.04755158708829,0.00235027280668242,0.00587234724386683,0.46713210461817095,0.32779851819084926,0.5979627460646375,amphibians,high,neo_specialization
(Intercept),1.1564264322615014,0.16786972023027105,6.888832784585587,8.469669410260394e-12,0.00125958074296525,0.7752215999932223,0.7041201347728839,0.8306322967248011,amphibians,high,neo_marginality
log(high.age + 1),-0.01627199842301194,0.00977791913718663,-1.6641575978193073,0.0963044022188042,0.00125958074296525,0.7752215999932223,0.7041201347728839,0.8306322967248011,amphibians,high,neo_marginality
(Intercept),2.244244407441127,0.3132428309586975,7.164551541602691,1.2567724638756772e-12,8.318987259881376e-4,0.4462623706319112,0.3171889046729246,0.5713501408233068,amphibians,high,neo_specialization
log(high.age + 1),-0.04635924633602761,0.03148430716859714,-1.4724556614117563,0.14112231593757962,8.318987259881376e-4,0.4462623706319112,0.3171889046729246,0.5713501408233068,amphibians,high,neo_specialization
(Intercept),1.1360678243522069,0.15890581038873103,7.149315821574087,1.3988810110276972e-12,5.076494535312194e-4,0.7706305667656039,0.7007190387340292,0.8257788603167443,amphibians,high,neo_marginality
log(high.age + 1),-0.01290976106857213,0.00986486177005451,-1.30866112161456,0.19086364241808407,5.076494535312194e-4,0.7706305667656039,0.7007190387340292,0.8257788603167443,amphibians,high,neo_marginality
(Intercept),2.3420657380926606,0.29287443097023885,7.99682556901205,2.6645352591003757e-15,0.00592161286546272,0.43276601476295856,0.30398441057804865,0.559235608229367,amphibians,high,neo_specialization
log(high.age + 1),-0.09692571656161642,0.03168537163754954,-3.0590051986877183,0.00226282898743068,0.00592161286546272,0.43276601476295856,0.30398441057804865,0.559235608229367,amphibians,high,neo_specialization
(Intercept),1.1564736480014928,0.15446835856740615,7.486799618556421,1.2434497875801753e-13,8.199306814852802e-4,0.7565344132688843,0.6836624004671243,0.8144852608089987,amphibians,high,neo_marginality
log(high.age + 1),-0.014902165556294601,0.01016010544418911,-1.466733356081222,0.14267286779138066,8.199306814852802e-4,0.7565344132688843,0.6836624004671243,0.8144852608089987,amphibians,high,neo_marginality
(Intercept),2.411571803249767,0.2886191160465403,8.355551206320296,0,0.00822571267730852,0.4211474303901466,0.29457967726838785,0.5463901500580065,amphibians,high,neo_specialization
log(high.age + 1),-0.11580319156328564,0.03257684152300992,-3.5547703874695973,3.908777576058231e-4,0.00822571267730852,0.4211474303901466,0.29457967726838785,0.5463901500580065,amphibians,high,neo_specialization
(Intercept),1.1426506241033807,0.16015057752685752,7.13485172360216,1.5485390747471685e-12,2.0766853761172932e-4,0.749511016027786,0.6760162277774988,0.8078607308941954,amphibians,high,neo_marginality
log(high.age + 1),-0.01103533174290517,0.00971072660887345,-1.1364063872235195,0.2559807284627391,2.0766853761172932e-4,0.749511016027786,0.6760162277774988,0.8078607308941954,amphibians,high,neo_marginality
(Intercept),2.2679421653989444,0.3164136665192903,7.167649205381836,1.2296830220748234e-12,0.00165184240986436,0.4531444184812527,0.3222578753761098,0.5798295328659006,amphibians,high,neo_specialization
log(high.age + 1),-0.05678086488470227,0.03115612308345552,-1.8224624653268864,0.06859776804748074,0.00165184240986436,0.4531444184812527,0.3222578753761098,0.5798295328659006,amphibians,high,neo_specialization
